,song,artist,date,explicit,uri,popularity,ironhacker,links,danceability,energy,key,loudness,mode,speechiness,acousticness,instrumentalness,liveness,valence,tempo,type,id,track_href,analysis_url,duration_ms,time_signature
0,Down The Road,C2C,2012-01-01,False,spotify:track:1SayqEg8HKK2IeIEWjdYxY,57,Ana,https://open.spotify.com/track/1SayqEg8HKK2IeIEWjdYxY,0.72,0.595,2,-6.109,0,0.0976,0.0672,4.73e-05,0.0775,0.486,111.0,audio_features,1SayqEg8HKK2IeIEWjdYxY,https://api.spotify.com/v1/tracks/1SayqEg8HKK2IeIEWjdYxY,https://api.spotify.com/v1/audio-analysis/1SayqEg8HKK2IeIEWjdYxY,207187,4
1,The Pond,Cava Grande,2021-01-29,False,spotify:track:0IyuvVFF4mXGi9viEqaEsI,37,Ana,https://open.spotify.com/track/0IyuvVFF4mXGi9viEqaEsI,0.714,0.618,9,-10.613,0,0.0425,0.296,0.865,0.135,0.549,121.984,audio_features,0IyuvVFF4mXGi9viEqaEsI,https://api.spotify.com/v1/tracks/0IyuvVFF4mXGi9viEqaEsI,https://api.spotify.com/v1/audio-analysis/0IyuvVFF4mXGi9viEqaEsI,321639,4
2,Any Way You Want It,Journey,1980,False,spotify:track:71SvEDmsOwIWw1IozsZoMA,76,JeanCha,https://open.spotify.com/track/71SvEDmsOwIWw1IozsZoMA,0.529,0.932,7,-7.501,1,0.0488,0.00251,0.00109,0.136,0.571,138.158,audio_features,71SvEDmsOwIWw1IozsZoMA,https://api.spotify.com/v1/tracks/71SvEDmsOwIWw1IozsZoMA,https://api.spotify.com/v1/audio-analysis/71SvEDmsOwIWw1IozsZoMA,201693,4
3,No Diggity,"['Blackstreet', 'Dr. Dre', 'Queen Pen']",1996-09-09,False,spotify:track:6MdqqkQ8sSC0WB4i8PyRuQ,81,Edu,https://open.spotify.com/track/6MdqqkQ8sSC0WB4i8PyRuQ,0.867,0.646,1,-4.674,0,0.288,0.303,0.0,0.279,0.67,88.634,audio_features,6MdqqkQ8sSC0WB4i8PyRuQ,https://api.spotify.com/v1/tracks/6MdqqkQ8sSC0WB4i8PyRuQ,https://api.spotify.com/v1/audio-analysis/6MdqqkQ8sSC0WB4i8PyRuQ,304600,4
4,Lost on You,LP,2017-05-05,False,spotify:track:2LIh4uzqq9cXMPzzmcToHl,79,Antonio,https://open.spotify.com/track/2LIh4uzqq9cXMPzzmcToHl,0.433,0.724,5,-6.126,0,0.0372,0.1,0.0,0.0918,0.689,174.006,audio_features,2LIh4uzqq9cXMPzzmcToHl,https://api.spotify.com/v1/tracks/2LIh4uzqq9cXMPzzmcToHl,https://api.spotify.com/v1/audio-analysis/2LIh4uzqq9cXMPzzmcToHl,268105,4
5,Clap Your Hands,Whilk & Misky,2014-09-01,False,spotify:track:7DM5k4ql2H94jNn0kN0SaU,62,Antonio,https://open.spotify.com/track/7DM5k4ql2H94jNn0kN0SaU,0.823,0.638,4,-11.364,0,0.055,0.232,0.211,0.0961,0.382,117.984,audio_features,7DM5k4ql2H94jNn0kN0SaU,https://api.spotify.com/v1/tracks/7DM5k4ql2H94jNn0kN0SaU,https://api.spotify.com/v1/audio-analysis/7DM5k4ql2H94jNn0kN0SaU,305532,4
6,Pieces,AVAION,2019-11-15,False,spotify:track:5H95n43z0KFcXGCEc0ewe1,80,Antonio,https://open.spotify.com/track/5H95n43z0KFcXGCEc0ewe1,0.7,0.271,4,-13.316,1,0.062,0.872,0.322,0.1,0.198,120.015,audio_features,5H95n43z0KFcXGCEc0ewe1,https://api.spotify.com/v1/tracks/5H95n43z0KFcXGCEc0ewe1,https://api.spotify.com/v1/audio-analysis/5H95n43z0KFcXGCEc0ewe1,196413,4
7,Gloria: In Excelsis Deo,Patti Smith,1975,False,spotify:track:272Z4tzaSMMcgrZ0R494S2,55,Miguel,https://open.spotify.com/track/272Z4tzaSMMcgrZ0R494S2,0.422,0.814,9,-7.365,1,0.195,0.118,5.3e-06,0.115,0.411,147.065,audio_features,272Z4tzaSMMcgrZ0R494S2,https://api.spotify.com/v1/tracks/272Z4tzaSMMcgrZ0R494S2,https://api.spotify.com/v1/audio-analysis/272Z4tzaSMMcgrZ0R494S2,354320,4
8,Conga Mode - Edit,Melé,2020-07-17,False,spotify:track:5QJwvpgZXdMD9lDtdczCVy,45,Antonio,https://open.spotify.com/track/5QJwvpgZXdMD9lDtdczCVy,0.756,0.868,10,-7.485,0,0.0458,0.0225,0.858,0.113,0.187,126.012,audio_features,5QJwvpgZXdMD9lDtdczCVy,https://api.spotify.com/v1/tracks/5QJwvpgZXdMD9lDtdczCVy,https://api.spotify.com/v1/audio-analysis/5QJwvpgZXdMD9lDtdczCVy,224762,4
9,Kalambo - Edit,Bontan,2020-12-04,False,spotify:track:1P18uROhYMOHTJwirzyvWQ,17,Antonio,https://open.spotify.com/track/1P18uROhYMOHTJwirzyvWQ,0.674,0.771,10,-10.166,0,0.0365,0.00283,0.41,0.0777,0.11,123.019,audio_features,1P18uROhYMOHTJwirzyvWQ,https://api.spotify.com/v1/tracks/1P18uROhYMOHTJwirzyvWQ,https://api.spotify.com/v1/audio-analysis/1P18uROhYMOHTJwirzyvWQ,204878,4
10,Suerte,Raffa Fl,2020-08-15,False,spotify:track:3wAeV5YnVopXm4jynlfJQr,58,Antonio,https://open.spotify.com/track/3wAeV5YnVopXm4jynlfJQr,0.714,0.917,2,-9.128,1,0.0744,0.119,0.289,0.403,0.464,125.102,audio_features,3wAeV5YnVopXm4jynlfJQr,https://api.spotify.com/v1/tracks/3wAeV5YnVopXm4jynlfJQr,https://api.spotify.com/v1/audio-analysis/3wAeV5YnVopXm4jynlfJQr,176640,4
11,Snake,PAX,2019-06-07,False,spotify:track:4JZdi4DSds3oMSYeBUQosp,61,Antonio,https://open.spotify.com/track/4JZdi4DSds3oMSYeBUQosp,0.777,0.883,7,-8.377,1,0.0833,0.0391,0.588,0.126,0.267,126.987,audio_features,4JZdi4DSds3oMSYeBUQosp,https://api.spotify.com/v1/tracks/4JZdi4DSds3oMSYeBUQosp,https://api.spotify.com/v1/audio-analysis/4JZdi4DSds3oMSYeBUQosp,181417,4
12,Bon Bini,Shermanology,2020-09-11,False,spotify:track:6ytVMBHu1ZXvaBvufHCBOX,47,Antonio,https://open.spotify.com/track/6ytVMBHu1ZXvaBvufHCBOX,0.775,0.877,9,-9.12,1,0.103,0.00256,0.25,0.0738,0.401,127.028,audio_features,6ytVMBHu1ZXvaBvufHCBOX,https://api.spotify.com/v1/tracks/6ytVMBHu1ZXvaBvufHCBOX,https://api.spotify.com/v1/audio-analysis/6ytVMBHu1ZXvaBvufHCBOX,361024,4
13,Ghostface Killers (feat. Travis Scott),"['21 Savage', 'Offset', 'Metro Boomin', 'Travis Scott']",2017-10-30,True,spotify:track:5u6vkDnOyaf8LsteDAj2ub,75,Antonio,https://open.spotify.com/track/5u6vkDnOyaf8LsteDAj2ub,0.782,0.435,2,-7.033,1,0.156,0.333,1.31e-05,0.342,0.242,82.996,audio_features,5u6vkDnOyaf8LsteDAj2ub,https://api.spotify.com/v1/tracks/5u6vkDnOyaf8LsteDAj2ub,https://api.spotify.com/v1/audio-analysis/5u6vkDnOyaf8LsteDAj2ub,268933,4
14,Dance Off (feat. Idris Elba & Anderson .Paak),"['Macklemore & Ryan Lewis', 'Macklemore', 'Ryan Lewis', 'Idris Elba', 'Anderson .Paak']",2016-02-26,True,spotify:track:7pDxNYVQLKzrbkCe8OCag3,60,Edu,https://open.spotify.com/track/7pDxNYVQLKzrbkCe8OCag3,0.77,0.818,7,-3.914,1,0.0533,0.0411,0.000127,0.164,0.459,120.979,audio_features,7pDxNYVQLKzrbkCe8OCag3,https://api.spotify.com/v1/tracks/7pDxNYVQLKzrbkCe8OCag3,https://api.spotify.com/v1/audio-analysis/7pDxNYVQLKzrbkCe8OCag3,229680,4
15,Medallo,"['Blessd', 'Justin Quiles', 'Lenny Tavárez']",2021-10-27,True,spotify:track:6lX6l7OuA3qrnIRfdsr0dw,93,Antonio,https://open.spotify.com/track/6lX6l7OuA3qrnIRfdsr0dw,0.787,0.7,4,-4.598,0,0.0768,0.568,0.00051,0.663,0.791,90.02,audio_features,6lX6l7OuA3qrnIRfdsr0dw,https://api.spotify.com/v1/tracks/6lX6l7OuA3qrnIRfdsr0dw,https://api.spotify.com/v1/audio-analysis/6lX6l7OuA3qrnIRfdsr0dw,233453,4
16,THE HEARTBREAK v2,Rilès,2021-07-11,False,spotify:track:5xXMHq0eZJSPf9EaZivCoM,51,Edu,https://open.spotify.com/track/5xXMHq0eZJSPf9EaZivCoM,0.624,0.319,0,-9.035,0,0.0684,0.53,6.12e-06,0.106,0.377,156.172,audio_features,5xXMHq0eZJSPf9EaZivCoM,https://api.spotify.com/v1/tracks/5xXMHq0eZJSPf9EaZivCoM,https://api.spotify.com/v1/audio-analysis/5xXMHq0eZJSPf9EaZivCoM,210651,3
17,Goodbyes (feat. Young Thug),"['Post Malone', 'Young Thug']",2019-09-06,True,spotify:track:0t3ZvGKlmYmVsDzBJAXK8C,82,Edu,https://open.spotify.com/track/0t3ZvGKlmYmVsDzBJAXK8C,0.548,0.653,5,-3.875,1,0.081,0.456,0.0,0.103,0.163,150.068,audio_features,0t3ZvGKlmYmVsDzBJAXK8C,https://api.spotify.com/v1/tracks/0t3ZvGKlmYmVsDzBJAXK8C,https://api.spotify.com/v1/audio-analysis/0t3ZvGKlmYmVsDzBJAXK8C,174853,4
18,Bun Mi Heart,Mellow Mood,2015-04-07,False,spotify:track:5XFzqvGBZBy7rGvAndj0uJ,45,Edu,https://open.spotify.com/track/5XFzqvGBZBy7rGvAndj0uJ,0.788,0.304,4,-9.326,1,0.0665,0.881,0.0,0.107,0.378,120.082,audio_features,5XFzqvGBZBy7rGvAndj0uJ,https://api.spotify.com/v1/tracks/5XFzqvGBZBy7rGvAndj0uJ,https://api.spotify.com/v1/audio-analysis/5XFzqvGBZBy7rGvAndj0uJ,170086,4
19,"Sometimes You're The Hammer, Sometimes You're The Nail",A Day To Remember,2013-10-08,False,spotify:track:53v22kznEYmJ5QCZIPHD9u,61,Edu,https://open.spotify.com/track/53v22kznEYmJ5QCZIPHD9u,0.191,0.978,0,-4.629,0,0.221,0.0013,0.0,0.369,0.1,158.33,audio_features,53v22kznEYmJ5QCZIPHD9u,https://api.spotify.com/v1/tracks/53v22kznEYmJ5QCZIPHD9u,https://api.spotify.com/v1/audio-analysis/53v22kznEYmJ5QCZIPHD9u,274034,4
20,Lonely,Palaye Royale,2020-05-29,True,spotify:track:0haXiRi57j2xQo5a3WkzqV,73,Edu,https://open.spotify.com/track/0haXiRi57j2xQo5a3WkzqV,0.622,0.619,2,-6.4,0,0.0561,0.0624,0.0,0.081,0.483,147.965,audio_features,0haXiRi57j2xQo5a3WkzqV,https://api.spotify.com/v1/tracks/0haXiRi57j2xQo5a3WkzqV,https://api.spotify.com/v1/audio-analysis/0haXiRi57j2xQo5a3WkzqV,186250,4
21,Dreamland,Fox Stevenson,2019-09-06,False,spotify:track:0udIZ5gNmUHGrzaadmP4Wm,48,Edu,https://open.spotify.com/track/0udIZ5gNmUHGrzaadmP4Wm,0.413,0.879,11,-4.934,1,0.0747,0.000132,0.0,0.384,0.59,167.94,audio_features,0udIZ5gNmUHGrzaadmP4Wm,https://api.spotify.com/v1/tracks/0udIZ5gNmUHGrzaadmP4Wm,https://api.spotify.com/v1/audio-analysis/0udIZ5gNmUHGrzaadmP4Wm,241159,4
22,Lange her,"['CRO', 'Max Herre', 'Teesy']",2015-07-03,False,spotify:track:40UtAXchn1GhZYN5dpWQu7,48,Edu,https://open.spotify.com/track/40UtAXchn1GhZYN5dpWQu7,0.577,0.539,10,-9.865,0,0.0706,0.307,0.0,0.682,0.523,79.991,audio_features,40UtAXchn1GhZYN5dpWQu7,https://api.spotify.com/v1/tracks/40UtAXchn1GhZYN5dpWQu7,https://api.spotify.com/v1/audio-analysis/40UtAXchn1GhZYN5dpWQu7,338756,4
23,Getaway - Koven Remix,"['Tritonal', 'Angel Taylor', 'Koven']",2016-07-08,False,spotify:track:10EpXLXKHmNSVKvX7A5hg8,65,Edu,https://open.spotify.com/track/10EpXLXKHmNSVKvX7A5hg8,0.488,0.914,6,-2.875,0,0.223,0.00415,0.0,0.158,0.222,172.187,audio_features,10EpXLXKHmNSVKvX7A5hg8,https://api.spotify.com/v1/tracks/10EpXLXKHmNSVKvX7A5hg8,https://api.spotify.com/v1/audio-analysis/10EpXLXKHmNSVKvX7A5hg8,203721,4
24,THE GUILTY PARTY,While She Sleeps,2019-03-01,False,spotify:track:3TBZsSXbRhHQZeZPGjboiS,51,Edu,https://open.spotify.com/track/3TBZsSXbRhHQZeZPGjboiS,0.525,0.943,0,-5.652,0,0.0631,0.0029,7.37e-05,0.0698,0.184,108.972,audio_features,3TBZsSXbRhHQZeZPGjboiS,https://api.spotify.com/v1/tracks/3TBZsSXbRhHQZeZPGjboiS,https://api.spotify.com/v1/audio-analysis/3TBZsSXbRhHQZeZPGjboiS,266500,4
25,Panic Room - Culture Shock Remix,"['Au/Ra', 'Culture Shock']",2018-09-19,False,spotify:track:7yahqANoaeBiBRlMZQacCN,56,Edu,https://open.spotify.com/track/7yahqANoaeBiBRlMZQacCN,0.443,0.97,5,-1.591,0,0.0469,0.0116,0.016,0.121,0.161,173.85,audio_features,7yahqANoaeBiBRlMZQacCN,https://api.spotify.com/v1/tracks/7yahqANoaeBiBRlMZQacCN,https://api.spotify.com/v1/audio-analysis/7yahqANoaeBiBRlMZQacCN,286726,4
26,It's Alright,The Big Push,2019-03-29,False,spotify:track:5PBcNzOndRqvRHcV7kUxl7,48,Edu,https://open.spotify.com/track/5PBcNzOndRqvRHcV7kUxl7,0.869,0.349,4,-7.421,1,0.083,0.624,0.0,0.128,0.725,114.105,audio_features,5PBcNzOndRqvRHcV7kUxl7,https://api.spotify.com/v1/tracks/5PBcNzOndRqvRHcV7kUxl7,https://api.spotify.com/v1/audio-analysis/5PBcNzOndRqvRHcV7kUxl7,205658,4
27,Civil Isolation,While She Sleeps,2017-04-21,False,spotify:track:4G0xVyaKj7scq78enhzXwC,36,Edu,https://open.spotify.com/track/4G0xVyaKj7scq78enhzXwC,0.314,0.992,10,-3.916,0,0.18,0.00017,7.21e-06,0.0757,0.318,154.727,audio_features,4G0xVyaKj7scq78enhzXwC,https://api.spotify.com/v1/tracks/4G0xVyaKj7scq78enhzXwC,https://api.spotify.com/v1/audio-analysis/4G0xVyaKj7scq78enhzXwC,262695,4
28,The Rock Show,blink-182,2001,True,spotify:track:2ydUT1pFhuLDnouelIv4WH,72,Edu,https://open.spotify.com/track/2ydUT1pFhuLDnouelIv4WH,0.41,0.959,9,-4.563,1,0.0869,0.000324,0.0,0.0766,0.83,193.155,audio_features,2ydUT1pFhuLDnouelIv4WH,https://api.spotify.com/v1/tracks/2ydUT1pFhuLDnouelIv4WH,https://api.spotify.com/v1/audio-analysis/2ydUT1pFhuLDnouelIv4WH,171600,4
29,Marigold,Periphery,2016-07-22,True,spotify:track:2YZZ8qsDdvC008LgtpMoI6,51,Edu,https://open.spotify.com/track/2YZZ8qsDdvC008LgtpMoI6,0.211,0.949,0,-5.724,0,0.214,0.00222,0.000535,0.103,0.0642,105.578,audio_features,2YZZ8qsDdvC008LgtpMoI6,https://api.spotify.com/v1/tracks/2YZZ8qsDdvC008LgtpMoI6,https://api.spotify.com/v1/audio-analysis/2YZZ8qsDdvC008LgtpMoI6,439840,4
30,I Get Up,The Teskey Brothers,2018-10-26,False,spotify:track:2ySCTopr9tZ5qdz6MkrdjH,49,Edu,https://open.spotify.com/track/2ySCTopr9tZ5qdz6MkrdjH,0.735,0.559,11,-5.281,1,0.0347,0.659,0.0,0.133,0.659,115.645,audio_features,2ySCTopr9tZ5qdz6MkrdjH,https://api.spotify.com/v1/tracks/2ySCTopr9tZ5qdz6MkrdjH,https://api.spotify.com/v1/audio-analysis/2ySCTopr9tZ5qdz6MkrdjH,263813,3
31,Cut You Off,Smash Into Pieces,2021-07-02,False,spotify:track:2zFDvvxpjhOeueR1iapU9w,41,Edu,https://open.spotify.com/track/2zFDvvxpjhOeueR1iapU9w,0.542,0.71,1,-6.448,0,0.0355,0.01,0.00031,0.36,0.16,128.026,audio_features,2zFDvvxpjhOeueR1iapU9w,https://api.spotify.com/v1/tracks/2zFDvvxpjhOeueR1iapU9w,https://api.spotify.com/v1/audio-analysis/2zFDvvxpjhOeueR1iapU9w,166875,4
32,Wrecked,Imagine Dragons,2021-07-02,False,spotify:track:2d1MywHy6FwKdzxFuSJnwl,79,Edu,https://open.spotify.com/track/2d1MywHy6FwKdzxFuSJnwl,0.626,0.56,0,-5.82,0,0.0288,0.148,1.51e-05,0.109,0.229,93.989,audio_features,2d1MywHy6FwKdzxFuSJnwl,https://api.spotify.com/v1/tracks/2d1MywHy6FwKdzxFuSJnwl,https://api.spotify.com/v1/audio-analysis/2d1MywHy6FwKdzxFuSJnwl,244005,4
33,Migraine,Twenty One Pilots,2013-01-08,False,spotify:track:4rfaoyaZvNa60cj3OKSQV9,71,Edu,https://open.spotify.com/track/4rfaoyaZvNa60cj3OKSQV9,0.69,0.678,0,-6.52,1,0.154,0.11,0.0,0.246,0.409,173.995,audio_features,4rfaoyaZvNa60cj3OKSQV9,https://api.spotify.com/v1/tracks/4rfaoyaZvNa60cj3OKSQV9,https://api.spotify.com/v1/audio-analysis/4rfaoyaZvNa60cj3OKSQV9,239015,4
34,The Worst,Polyphia,2017-07-14,False,spotify:track:5l3WNlq4rag0fFP0TI9qeJ,56,Edu,https://open.spotify.com/track/5l3WNlq4rag0fFP0TI9qeJ,0.656,0.696,4,-5.935,0,0.0438,0.118,0.45,0.161,0.4,124.922,audio_features,5l3WNlq4rag0fFP0TI9qeJ,https://api.spotify.com/v1/tracks/5l3WNlq4rag0fFP0TI9qeJ,https://api.spotify.com/v1/audio-analysis/5l3WNlq4rag0fFP0TI9qeJ,245779,4
35,Overnight,Parcels,2017-06-21,False,spotify:track:1kgws2l8gsvDhtsVyzWbu9,0,Edu,https://open.spotify.com/track/1kgws2l8gsvDhtsVyzWbu9,0.81,0.818,8,-9.599,0,0.0511,0.343,0.0548,0.113,0.887,119.982,audio_features,1kgws2l8gsvDhtsVyzWbu9,https://api.spotify.com/v1/tracks/1kgws2l8gsvDhtsVyzWbu9,https://api.spotify.com/v1/audio-analysis/1kgws2l8gsvDhtsVyzWbu9,219603,4
36,Gemini,Thank You Scientist,2011-01-07,False,spotify:track:2LQjDAhUMqIWsje7Gk7suZ,28,Edu,https://open.spotify.com/track/2LQjDAhUMqIWsje7Gk7suZ,0.528,0.866,10,-6.454,1,0.0692,0.0627,0.0288,0.176,0.676,161.946,audio_features,2LQjDAhUMqIWsje7Gk7suZ,https://api.spotify.com/v1/tracks/2LQjDAhUMqIWsje7Gk7suZ,https://api.spotify.com/v1/audio-analysis/2LQjDAhUMqIWsje7Gk7suZ,434500,4
37,Super Duper Love,Joss Stone,2003-01-01,False,spotify:track:30yn7KuCLbXGCXxjsB0C8K,67,Edu,https://open.spotify.com/track/30yn7KuCLbXGCXxjsB0C8K,0.69,0.767,11,-3.411,0,0.14,0.0207,0.0,0.131,0.668,187.993,audio_features,30yn7KuCLbXGCXxjsB0C8K,https://api.spotify.com/v1/tracks/30yn7KuCLbXGCXxjsB0C8K,https://api.spotify.com/v1/audio-analysis/30yn7KuCLbXGCXxjsB0C8K,260013,4
38,Not For Want Of Trying,Maybeshewill,2008,False,spotify:track:3q6h93qVhlvIycGOBYmAxO,44,Edu,https://open.spotify.com/track/3q6h93qVhlvIycGOBYmAxO,0.221,0.662,9,-3.306,1,0.0439,0.00507,0.478,0.0745,0.257,199.719,audio_features,3q6h93qVhlvIycGOBYmAxO,https://api.spotify.com/v1/tracks/3q6h93qVhlvIycGOBYmAxO,https://api.spotify.com/v1/audio-analysis/3q6h93qVhlvIycGOBYmAxO,333973,4
39,Two Shoes,The Cat Empire,2005-08-29,False,spotify:track:57LP4yVIIBkRLWbq0ETF4K,55,Edu,https://open.spotify.com/track/57LP4yVIIBkRLWbq0ETF4K,0.672,0.603,2,-7.777,0,0.0333,0.249,0.00277,0.127,0.655,113.194,audio_features,57LP4yVIIBkRLWbq0ETF4K,https://api.spotify.com/v1/tracks/57LP4yVIIBkRLWbq0ETF4K,https://api.spotify.com/v1/audio-analysis/57LP4yVIIBkRLWbq0ETF4K,313053,4
40,Chaos,Mutemath,2019-12-20,False,spotify:track:7oSS6aLPNVj1cnE9sc8FmI,19,Edu,https://open.spotify.com/track/7oSS6aLPNVj1cnE9sc8FmI,0.368,0.958,1,-4.463,0,0.117,0.000159,0.000718,0.339,0.541,180.083,audio_features,7oSS6aLPNVj1cnE9sc8FmI,https://api.spotify.com/v1/tracks/7oSS6aLPNVj1cnE9sc8FmI,https://api.spotify.com/v1/audio-analysis/7oSS6aLPNVj1cnE9sc8FmI,294973,4
41,Colors,Black Pumas,2019-06-21,False,spotify:track:6J3HNhDBIwEX11bX8hzx5u,69,Edu,https://open.spotify.com/track/6J3HNhDBIwEX11bX8hzx5u,0.546,0.696,4,-6.537,1,0.0335,0.0887,1.84e-05,0.195,0.596,89.882,audio_features,6J3HNhDBIwEX11bX8hzx5u,https://api.spotify.com/v1/tracks/6J3HNhDBIwEX11bX8hzx5u,https://api.spotify.com/v1/audio-analysis/6J3HNhDBIwEX11bX8hzx5u,246587,4
42,Misery Business,Paramore,2007-06-11,False,spotify:track:6SpLc7EXZIPpy0sVko0aoU,80,Edu,https://open.spotify.com/track/6SpLc7EXZIPpy0sVko0aoU,0.517,0.906,1,-3.677,1,0.0735,0.00272,9.26e-06,0.113,0.731,172.977,audio_features,6SpLc7EXZIPpy0sVko0aoU,https://api.spotify.com/v1/tracks/6SpLc7EXZIPpy0sVko0aoU,https://api.spotify.com/v1/audio-analysis/6SpLc7EXZIPpy0sVko0aoU,211520,4
43,Fallen Leaves,Billy Talent,2006-06-23,False,spotify:track:3jUTjCISntIUFL8jnAjzgc,70,Edu,https://open.spotify.com/track/3jUTjCISntIUFL8jnAjzgc,0.71,0.811,3,-4.079,1,0.0431,0.00105,2.08e-06,0.0677,0.914,123.048,audio_features,3jUTjCISntIUFL8jnAjzgc,https://api.spotify.com/v1/tracks/3jUTjCISntIUFL8jnAjzgc,https://api.spotify.com/v1/audio-analysis/3jUTjCISntIUFL8jnAjzgc,199200,4
44,New Perspective,Panic! At The Disco,2009-07-28,False,spotify:track:1AT5viFqaGU9Hu5smdNlgB,59,Edu,https://open.spotify.com/track/1AT5viFqaGU9Hu5smdNlgB,0.367,0.881,7,-4.752,1,0.127,0.00313,0.0,0.185,0.514,164.028,audio_features,1AT5viFqaGU9Hu5smdNlgB,https://api.spotify.com/v1/tracks/1AT5viFqaGU9Hu5smdNlgB,https://api.spotify.com/v1/audio-analysis/1AT5viFqaGU9Hu5smdNlgB,226787,4
45,Unstoppable - Stripped,The Score,2017-10-13,False,spotify:track:1IPCp2nxIIcFVuJuJpIq3w,42,Edu,https://open.spotify.com/track/1IPCp2nxIIcFVuJuJpIq3w,0.676,0.444,6,-7.527,0,0.0358,0.0261,1.09e-05,0.0761,0.389,78.012,audio_features,1IPCp2nxIIcFVuJuJpIq3w,https://api.spotify.com/v1/tracks/1IPCp2nxIIcFVuJuJpIq3w,https://api.spotify.com/v1/audio-analysis/1IPCp2nxIIcFVuJuJpIq3w,197560,4
46,Guillotine,"['Jon Bellion', 'Travis Mendes']",2016-06-10,False,spotify:track:2p2aCtErYX6UaFxyfpVvWC,58,Edu,https://open.spotify.com/track/2p2aCtErYX6UaFxyfpVvWC,0.574,0.803,4,-3.17,0,0.186,0.102,4.15e-06,0.0861,0.647,97.967,audio_features,2p2aCtErYX6UaFxyfpVvWC,https://api.spotify.com/v1/tracks/2p2aCtErYX6UaFxyfpVvWC,https://api.spotify.com/v1/audio-analysis/2p2aCtErYX6UaFxyfpVvWC,208125,4
47,Break My Baby,KALEO,2020-04-17,False,spotify:track:3jxhrvttYoLm3BPfL37gcI,39,Edu,https://open.spotify.com/track/3jxhrvttYoLm3BPfL37gcI,0.529,0.755,10,-3.917,0,0.0383,0.106,0.000607,0.157,0.383,73.998,audio_features,3jxhrvttYoLm3BPfL37gcI,https://api.spotify.com/v1/tracks/3jxhrvttYoLm3BPfL37gcI,https://api.spotify.com/v1/audio-analysis/3jxhrvttYoLm3BPfL37gcI,265558,4
48,A Little Piece of Heaven,Avenged Sevenfold,2007-10-26,True,spotify:track:1BLfQ6dPXmuDrFmbdfW7Jl,71,Edu,https://open.spotify.com/track/1BLfQ6dPXmuDrFmbdfW7Jl,0.486,0.881,2,-5.623,0,0.0474,0.0244,0.0,0.429,0.667,144.997,audio_features,1BLfQ6dPXmuDrFmbdfW7Jl,https://api.spotify.com/v1/tracks/1BLfQ6dPXmuDrFmbdfW7Jl,https://api.spotify.com/v1/audio-analysis/1BLfQ6dPXmuDrFmbdfW7Jl,480707,4
49,Renegades,X Ambassadors,2015-06-30,False,spotify:track:46GGxd8TVRt6FjUBfCavVT,0,Edu,https://open.spotify.com/track/46GGxd8TVRt6FjUBfCavVT,0.514,0.858,2,-5.995,1,0.0896,0.0127,0.0528,0.251,0.6,89.833,audio_features,46GGxd8TVRt6FjUBfCavVT,https://api.spotify.com/v1/tracks/46GGxd8TVRt6FjUBfCavVT,https://api.spotify.com/v1/audio-analysis/46GGxd8TVRt6FjUBfCavVT,195199,4
50,Down South,"['Jeremy Loops', 'Motheo Moleko']",2016-02-26,False,spotify:track:56kZQdPc8OUBytyxqCwhXG,0,Edu,https://open.spotify.com/track/56kZQdPc8OUBytyxqCwhXG,0.559,0.779,1,-5.525,1,0.0588,0.0835,0.0,0.191,0.677,84.862,audio_features,56kZQdPc8OUBytyxqCwhXG,https://api.spotify.com/v1/tracks/56kZQdPc8OUBytyxqCwhXG,https://api.spotify.com/v1/audio-analysis/56kZQdPc8OUBytyxqCwhXG,241107,4
51,Holding on to You,Twenty One Pilots,2013-01-08,False,spotify:track:3C3cr2JQwXIhqAHqOardVO,70,Edu,https://open.spotify.com/track/3C3cr2JQwXIhqAHqOardVO,0.608,0.776,11,-3.635,1,0.0511,0.241,0.0,0.0713,0.814,89.996,audio_features,3C3cr2JQwXIhqAHqOardVO,https://api.spotify.com/v1/tracks/3C3cr2JQwXIhqAHqOardVO,https://api.spotify.com/v1/audio-analysis/3C3cr2JQwXIhqAHqOardVO,263733,4
52,Heavydirtysoul,Twenty One Pilots,2015-05-15,False,spotify:track:7i9763l5SSfOnqZ35VOcfy,74,Edu,https://open.spotify.com/track/7i9763l5SSfOnqZ35VOcfy,0.613,0.873,7,-6.376,0,0.0449,0.00397,0.00111,0.367,0.392,129.989,audio_features,7i9763l5SSfOnqZ35VOcfy,https://api.spotify.com/v1/tracks/7i9763l5SSfOnqZ35VOcfy,https://api.spotify.com/v1/audio-analysis/7i9763l5SSfOnqZ35VOcfy,234813,4
53,Car Radio,Twenty One Pilots,2013-01-08,False,spotify:track:5cbpoIu3YjoOwbBDGUEp3P,75,Edu,https://open.spotify.com/track/5cbpoIu3YjoOwbBDGUEp3P,0.766,0.519,9,-7.355,0,0.0366,0.098,0.0,0.0855,0.612,129.972,audio_features,5cbpoIu3YjoOwbBDGUEp3P,https://api.spotify.com/v1/tracks/5cbpoIu3YjoOwbBDGUEp3P,https://api.spotify.com/v1/audio-analysis/5cbpoIu3YjoOwbBDGUEp3P,267720,4
54,Ain't Gonna Die Tonight (feat. Eric Nally),"['Macklemore', 'Eric Nally']",2017-09-22,True,spotify:track:1FgmP7AOTcn7MGYmImj0kn,59,Edu,https://open.spotify.com/track/1FgmP7AOTcn7MGYmImj0kn,0.687,0.768,7,-5.579,0,0.14,0.232,0.0,0.118,0.865,81.977,audio_features,1FgmP7AOTcn7MGYmImj0kn,https://api.spotify.com/v1/tracks/1FgmP7AOTcn7MGYmImj0kn,https://api.spotify.com/v1/audio-analysis/1FgmP7AOTcn7MGYmImj0kn,214720,4
55,Put Me Thru,Anderson .Paak,2016-01-15,True,spotify:track:06espoEuN2Ny4UqCYAVOCY,52,Edu,https://open.spotify.com/track/06espoEuN2Ny4UqCYAVOCY,0.732,0.789,5,-3.717,0,0.0476,0.0459,3.11e-05,0.123,0.607,107.978,audio_features,06espoEuN2Ny4UqCYAVOCY,https://api.spotify.com/v1/tracks/06espoEuN2Ny4UqCYAVOCY,https://api.spotify.com/v1/audio-analysis/06espoEuN2Ny4UqCYAVOCY,160760,4
56,Run Run Run (Scatter) [Chill Bump Remix],"['Chinese Man', 'Ex-I']",2015-03-30,False,spotify:track:1KazLsuKv1c2BFdzEObFI1,54,Edu,https://open.spotify.com/track/1KazLsuKv1c2BFdzEObFI1,0.6,0.581,10,-8.074,0,0.513,0.169,4.36e-06,0.276,0.532,89.942,audio_features,1KazLsuKv1c2BFdzEObFI1,https://api.spotify.com/v1/tracks/1KazLsuKv1c2BFdzEObFI1,https://api.spotify.com/v1/audio-analysis/1KazLsuKv1c2BFdzEObFI1,220821,4
57,The Bare Necessities,Geoff Castellucci,2020-07-12,False,spotify:track:6nNK9dfBneZBnkJOvtlP8w,45,Edu,https://open.spotify.com/track/6nNK9dfBneZBnkJOvtlP8w,0.449,0.466,0,-10.639,1,0.054,0.826,0.000329,0.109,0.574,200.673,audio_features,6nNK9dfBneZBnkJOvtlP8w,https://api.spotify.com/v1/tracks/6nNK9dfBneZBnkJOvtlP8w,https://api.spotify.com/v1/audio-analysis/6nNK9dfBneZBnkJOvtlP8w,197159,4
58,Autumn (L'Automno) Op.8 No.3 Major: Allegro,"['Baroque Festival Orchestra', 'Alberto Lizzio']",1994-07-01,False,spotify:track:7d20u6lKFtjLVNW9nhJAsL,46,Miguel,https://open.spotify.com/track/7d20u6lKFtjLVNW9nhJAsL,0.532,0.028,5,-23.778,1,0.0549,0.947,0.621,0.121,0.221,103.69,audio_features,7d20u6lKFtjLVNW9nhJAsL,https://api.spotify.com/v1/tracks/7d20u6lKFtjLVNW9nhJAsL,https://api.spotify.com/v1/audio-analysis/7d20u6lKFtjLVNW9nhJAsL,306933,4
59,Buffalo Soldier,Bob Marley & The Wailers,1983,False,spotify:track:7BfW1eoDh27W69nxsmRicb,76,Fer,https://open.spotify.com/track/7BfW1eoDh27W69nxsmRicb,0.929,0.463,9,-8.651,1,0.308,0.142,5.26e-06,0.0634,0.757,124.084,audio_features,7BfW1eoDh27W69nxsmRicb,https://api.spotify.com/v1/tracks/7BfW1eoDh27W69nxsmRicb,https://api.spotify.com/v1/audio-analysis/7BfW1eoDh27W69nxsmRicb,255840,4
60,Three Little Birds,Bob Marley & The Wailers,1977-01-03,False,spotify:track:6A9mKXlFRPMPem6ygQSt7z,81,Fer,https://open.spotify.com/track/6A9mKXlFRPMPem6ygQSt7z,0.814,0.482,9,-10.493,1,0.0588,0.0111,1.57e-06,0.0476,0.615,148.404,audio_features,6A9mKXlFRPMPem6ygQSt7z,https://api.spotify.com/v1/tracks/6A9mKXlFRPMPem6ygQSt7z,https://api.spotify.com/v1/audio-analysis/6A9mKXlFRPMPem6ygQSt7z,180267,4
61,Endless Summer,Cascada,2006,False,spotify:track:1xHlJeHGvk03LdotjC0DaN,33,Fer,https://open.spotify.com/track/1xHlJeHGvk03LdotjC0DaN,0.589,0.965,9,-7.314,1,0.0455,0.00418,0.0754,0.254,0.71,139.996,audio_features,1xHlJeHGvk03LdotjC0DaN,https://api.spotify.com/v1/tracks/1xHlJeHGvk03LdotjC0DaN,https://api.spotify.com/v1/audio-analysis/1xHlJeHGvk03LdotjC0DaN,204448,4
62,Drop It Like It's Hot,"['Snoop Dogg', 'Pharrell Williams']",2004-01-01,True,spotify:track:2NBQmPrOEEjA8VbeWOQGxO,81,Fer,https://open.spotify.com/track/2NBQmPrOEEjA8VbeWOQGxO,0.888,0.632,1,-3.872,1,0.219,0.19,0.0,0.101,0.662,91.979,audio_features,2NBQmPrOEEjA8VbeWOQGxO,https://api.spotify.com/v1/tracks/2NBQmPrOEEjA8VbeWOQGxO,https://api.spotify.com/v1/audio-analysis/2NBQmPrOEEjA8VbeWOQGxO,266067,4
63,Ride Wit Me,"['Nelly', 'City Spud']",2000-06-27,True,spotify:track:3Gf5nttwcX9aaSQXRWidEZ,80,Fer,https://open.spotify.com/track/3Gf5nttwcX9aaSQXRWidEZ,0.85,0.7,7,-6.49,1,0.0478,0.0616,1.8e-06,0.244,0.722,101.875,audio_features,3Gf5nttwcX9aaSQXRWidEZ,https://api.spotify.com/v1/tracks/3Gf5nttwcX9aaSQXRWidEZ,https://api.spotify.com/v1/audio-analysis/3Gf5nttwcX9aaSQXRWidEZ,291782,4
64,Cocody Rock,Alpha Blondy,2013-12-02,False,spotify:track:3LTJjpjOGt6lW8TaenjHlr,59,Fer,https://open.spotify.com/track/3LTJjpjOGt6lW8TaenjHlr,0.796,0.667,6,-6.322,0,0.0983,0.105,8.24e-05,0.0933,0.958,147.372,audio_features,3LTJjpjOGt6lW8TaenjHlr,https://api.spotify.com/v1/tracks/3LTJjpjOGt6lW8TaenjHlr,https://api.spotify.com/v1/audio-analysis/3LTJjpjOGt6lW8TaenjHlr,293960,4
65,Un'emozione per sempre,Eros Ramazzotti,2003-05-19,False,spotify:track:1Hd8GLavCUUUx3GJdunJ4E,62,Fer,https://open.spotify.com/track/1Hd8GLavCUUUx3GJdunJ4E,0.675,0.823,4,-4.513,1,0.0305,0.0967,0.0,0.265,0.817,119.902,audio_features,1Hd8GLavCUUUx3GJdunJ4E,https://api.spotify.com/v1/tracks/1Hd8GLavCUUUx3GJdunJ4E,https://api.spotify.com/v1/audio-analysis/1Hd8GLavCUUUx3GJdunJ4E,236587,4
66,La Hora De Bailar,Sandy & Papo,2005-01-01,False,spotify:track:6vPvOIFPhNGH8p4bhNjHHy,48,Fer,https://open.spotify.com/track/6vPvOIFPhNGH8p4bhNjHHy,0.908,0.696,1,-9.499,1,0.0655,0.0953,0.0,0.0395,0.872,133.545,audio_features,6vPvOIFPhNGH8p4bhNjHHy,https://api.spotify.com/v1/tracks/6vPvOIFPhNGH8p4bhNjHHy,https://api.spotify.com/v1/audio-analysis/6vPvOIFPhNGH8p4bhNjHHy,288107,4
67,La vie c'est fantastique - Fantastique Radio Mix,"['S.M.S.', 'Rehb']",2001-01-01,False,spotify:track:3Xr90hZyFtjLaRithi6WtQ,45,Fer,https://open.spotify.com/track/3Xr90hZyFtjLaRithi6WtQ,0.848,0.829,2,-7.379,1,0.0365,0.0257,0.11,0.335,0.865,134.012,audio_features,3Xr90hZyFtjLaRithi6WtQ,https://api.spotify.com/v1/tracks/3Xr90hZyFtjLaRithi6WtQ,https://api.spotify.com/v1/audio-analysis/3Xr90hZyFtjLaRithi6WtQ,225867,4
68,Because I Got High,Afroman,2001-08-28,True,spotify:track:0rRboI6IRuGx56Dq3UdYY4,73,Fer,https://open.spotify.com/track/0rRboI6IRuGx56Dq3UdYY4,0.802,0.341,7,-8.56,1,0.488,0.169,0.0,0.0783,0.849,166.01,audio_features,0rRboI6IRuGx56Dq3UdYY4,https://api.spotify.com/v1/tracks/0rRboI6IRuGx56Dq3UdYY4,https://api.spotify.com/v1/audio-analysis/0rRboI6IRuGx56Dq3UdYY4,197760,4
69,Israelites,Desmond Dekker,1968-01-01,False,spotify:track:0di7hMT6o1ogeUN1XDB9Ft,60,Miguel,https://open.spotify.com/track/0di7hMT6o1ogeUN1XDB9Ft,0.743,0.541,10,-9.61,1,0.0581,0.225,0.000586,0.0542,0.972,74.095,audio_features,0di7hMT6o1ogeUN1XDB9Ft,https://api.spotify.com/v1/tracks/0di7hMT6o1ogeUN1XDB9Ft,https://api.spotify.com/v1/audio-analysis/0di7hMT6o1ogeUN1XDB9Ft,155867,4
70,Skinhead Girl,Symarip,2008-09-29,False,spotify:track:7Jw2jj2NtZQDcZzhNxzBG7,35,Miguel,https://open.spotify.com/track/7Jw2jj2NtZQDcZzhNxzBG7,0.896,0.547,6,-7.733,0,0.0745,0.331,0.0196,0.129,0.847,134.628,audio_features,7Jw2jj2NtZQDcZzhNxzBG7,https://api.spotify.com/v1/tracks/7Jw2jj2NtZQDcZzhNxzBG7,https://api.spotify.com/v1/audio-analysis/7Jw2jj2NtZQDcZzhNxzBG7,144587,4
71,Bam Bam,Sister Nancy,2002-03-15,False,spotify:track:7ixiCZEHWHc8FxaQXQh2P4,72,Miguel,https://open.spotify.com/track/7ixiCZEHWHc8FxaQXQh2P4,0.722,0.605,5,-6.07,1,0.153,0.825,0.0178,0.248,0.709,165.998,audio_features,7ixiCZEHWHc8FxaQXQh2P4,https://api.spotify.com/v1/tracks/7ixiCZEHWHc8FxaQXQh2P4,https://api.spotify.com/v1/audio-analysis/7ixiCZEHWHc8FxaQXQh2P4,196507,4
72,Funky Kingston,Toots & The Maytals,1973-01-01,False,spotify:track:26WPI2aksB9XdqmeLfca5z,60,Miguel,https://open.spotify.com/track/26WPI2aksB9XdqmeLfca5z,0.777,0.458,11,-12.358,1,0.0841,0.265,0.00295,0.0423,0.961,99.05,audio_features,26WPI2aksB9XdqmeLfca5z,https://api.spotify.com/v1/tracks/26WPI2aksB9XdqmeLfca5z,https://api.spotify.com/v1/audio-analysis/26WPI2aksB9XdqmeLfca5z,295667,4
73,"Oh Bondage, Up Yours!",X-Ray Spex,2013-01-01,False,spotify:track:18WswjCcjs3vmz4qWNOrSC,44,Miguel,https://open.spotify.com/track/18WswjCcjs3vmz4qWNOrSC,0.458,0.71,2,-6.666,1,0.0447,0.0196,0.00217,0.0618,0.64,158.886,audio_features,18WswjCcjs3vmz4qWNOrSC,https://api.spotify.com/v1/tracks/18WswjCcjs3vmz4qWNOrSC,https://api.spotify.com/v1/audio-analysis/18WswjCcjs3vmz4qWNOrSC,169760,4
74,Rebel Girl,Bikini Kill,2015-10-13,False,spotify:track:0XyjtybwqSdqMAFfBEkmZf,63,Miguel,https://open.spotify.com/track/0XyjtybwqSdqMAFfBEkmZf,0.435,0.939,8,-3.845,0,0.111,0.0122,0.00466,0.0614,0.559,134.938,audio_features,0XyjtybwqSdqMAFfBEkmZf,https://api.spotify.com/v1/tracks/0XyjtybwqSdqMAFfBEkmZf,https://api.spotify.com/v1/audio-analysis/0XyjtybwqSdqMAFfBEkmZf,157333,4
75,Deceptacon,Le Tigre,1999-10-26,True,spotify:track:5773KSWFzg9kCc8yazjbSt,74,Miguel,https://open.spotify.com/track/5773KSWFzg9kCc8yazjbSt,0.603,0.864,4,-3.341,0,0.0668,0.055,0.00493,0.0986,0.616,160.488,audio_features,5773KSWFzg9kCc8yazjbSt,https://api.spotify.com/v1/tracks/5773KSWFzg9kCc8yazjbSt,https://api.spotify.com/v1/audio-analysis/5773KSWFzg9kCc8yazjbSt,184627,4
76,Lucha contra el tecno,Larsen,1983-09-01,True,spotify:track:5tX37tp7l4LtxtTyyOV237,11,Miguel,https://open.spotify.com/track/5tX37tp7l4LtxtTyyOV237,0.553,0.697,11,-12.636,1,0.0711,0.000456,0.00605,0.195,0.65,92.492,audio_features,5tX37tp7l4LtxtTyyOV237,https://api.spotify.com/v1/tracks/5tX37tp7l4LtxtTyyOV237,https://api.spotify.com/v1/audio-analysis/5tX37tp7l4LtxtTyyOV237,161600,4
77,He Visto a la Virgen,Putilatex,2008-07-01,True,spotify:track:4q0uuMYXyKyMjmlONSu1tY,28,Miguel,https://open.spotify.com/track/4q0uuMYXyKyMjmlONSu1tY,0.48,0.959,2,-3.541,1,0.0426,0.0197,3.84e-05,0.0945,0.326,167.978,audio_features,4q0uuMYXyKyMjmlONSu1tY,https://api.spotify.com/v1/tracks/4q0uuMYXyKyMjmlONSu1tY,https://api.spotify.com/v1/audio-analysis/4q0uuMYXyKyMjmlONSu1tY,304120,4
78,Autosuficiencia,Paralisis Permanente,1990-03-03,False,spotify:track:5p4QGTJiTFStnddffBS4bK,45,Miguel,https://open.spotify.com/track/5p4QGTJiTFStnddffBS4bK,0.511,0.972,1,-3.696,0,0.0584,0.011,2.24e-05,0.181,0.752,94.116,audio_features,5p4QGTJiTFStnddffBS4bK,https://api.spotify.com/v1/tracks/5p4QGTJiTFStnddffBS4bK,https://api.spotify.com/v1/audio-analysis/5p4QGTJiTFStnddffBS4bK,127600,4
79,I Feel Free,Cream,1966-12-09,False,spotify:track:62nYkaIBesfvQSSwTjPnYS,61,Miguel,https://open.spotify.com/track/62nYkaIBesfvQSSwTjPnYS,0.375,0.448,9,-14.06,1,0.0264,0.106,5.55e-05,0.141,0.564,88.371,audio_features,62nYkaIBesfvQSSwTjPnYS,https://api.spotify.com/v1/tracks/62nYkaIBesfvQSSwTjPnYS,https://api.spotify.com/v1/audio-analysis/62nYkaIBesfvQSSwTjPnYS,171507,4
80,"Catch Me Daddy - Live at the Winterland Ballroom, San Francisco, CA - April 1968","['Big Brother & The Holding Company', 'Janis Joplin']",1968-08-12,False,spotify:track:3qVswYwjgXBH1IOSMP2j3z,16,Miguel,https://open.spotify.com/track/3qVswYwjgXBH1IOSMP2j3z,0.565,0.849,1,-8.621,1,0.282,0.171,4.34e-05,0.878,0.554,98.339,audio_features,3qVswYwjgXBH1IOSMP2j3z,https://api.spotify.com/v1/tracks/3qVswYwjgXBH1IOSMP2j3z,https://api.spotify.com/v1/audio-analysis/3qVswYwjgXBH1IOSMP2j3z,345307,4
81,Come Together,"['Ike & Tina Turner', 'The Ikettes']",1970-05-08,False,spotify:track:4XHuEHpj3YJIA5NGt7iyCh,47,Miguel,https://open.spotify.com/track/4XHuEHpj3YJIA5NGt7iyCh,0.758,0.131,3,-21.955,0,0.0575,0.694,0.0133,0.141,0.257,78.554,audio_features,4XHuEHpj3YJIA5NGt7iyCh,https://api.spotify.com/v1/tracks/4XHuEHpj3YJIA5NGt7iyCh,https://api.spotify.com/v1/audio-analysis/4XHuEHpj3YJIA5NGt7iyCh,223307,4
82,I Wanna Be Your Dog,The Stooges,1969-08-05,False,spotify:track:672N8DGGTOLCOgWe0koX5g,64,Miguel,https://open.spotify.com/track/672N8DGGTOLCOgWe0koX5g,0.527,0.871,4,-8.708,1,0.0354,0.0229,0.155,0.419,0.107,120.722,audio_features,672N8DGGTOLCOgWe0koX5g,https://api.spotify.com/v1/tracks/672N8DGGTOLCOgWe0koX5g,https://api.spotify.com/v1/audio-analysis/672N8DGGTOLCOgWe0koX5g,188560,4
83,Short Change Hero,The Heavy,2009-10-05,False,spotify:track:7qxDU2QyH24KHW0OSGotVw,64,Miguel,https://open.spotify.com/track/7qxDU2QyH24KHW0OSGotVw,0.68,0.64,1,-6.691,0,0.0336,0.29,0.00593,0.124,0.738,105.981,audio_features,7qxDU2QyH24KHW0OSGotVw,https://api.spotify.com/v1/tracks/7qxDU2QyH24KHW0OSGotVw,https://api.spotify.com/v1/audio-analysis/7qxDU2QyH24KHW0OSGotVw,322267,4
84,Joker And The Thief,Wolfmother,2005-01-01,False,spotify:track:6dNJ3lasVLPd0078T9yqlm,68,Miguel,https://open.spotify.com/track/6dNJ3lasVLPd0078T9yqlm,0.264,0.8,0,-2.427,1,0.0537,0.0195,0.00744,0.406,0.465,155.558,audio_features,6dNJ3lasVLPd0078T9yqlm,https://api.spotify.com/v1/tracks/6dNJ3lasVLPd0078T9yqlm,https://api.spotify.com/v1/audio-analysis/6dNJ3lasVLPd0078T9yqlm,279667,4
85,WTF Is In My Cup,Chico Blanco,2018-06-04,False,spotify:track:66HxHtqsgk2NgVQRqEgxyb,46,JeanCha,https://open.spotify.com/track/66HxHtqsgk2NgVQRqEgxyb,0.831,0.55,0,-11.367,0,0.0629,0.292,0.896,0.107,0.523,123.065,audio_features,66HxHtqsgk2NgVQRqEgxyb,https://api.spotify.com/v1/tracks/66HxHtqsgk2NgVQRqEgxyb,https://api.spotify.com/v1/audio-analysis/66HxHtqsgk2NgVQRqEgxyb,267000,4
86,Belittle No One,Mad Zach,2017-08-03,False,spotify:track:4eXSKwMnEB21iLRgGyle1l,34,JeanCha,https://open.spotify.com/track/4eXSKwMnEB21iLRgGyle1l,0.584,0.977,7,-7.975,1,0.0749,0.0156,0.889,0.539,0.399,113.112,audio_features,4eXSKwMnEB21iLRgGyle1l,https://api.spotify.com/v1/tracks/4eXSKwMnEB21iLRgGyle1l,https://api.spotify.com/v1/audio-analysis/4eXSKwMnEB21iLRgGyle1l,248471,4
87,"Eat That Up, It's Good For You",Two Door Cinema Club,2010-02-07,False,spotify:track:5XyyIkT6yfQQdxm55ztp04,0,Rodri,https://open.spotify.com/track/5XyyIkT6yfQQdxm55ztp04,0.516,0.876,5,-5.162,1,0.0503,0.00254,0.00334,0.355,0.557,154.934,audio_features,5XyyIkT6yfQQdxm55ztp04,https://api.spotify.com/v1/tracks/5XyyIkT6yfQQdxm55ztp04,https://api.spotify.com/v1/audio-analysis/5XyyIkT6yfQQdxm55ztp04,223907,4
88,When You Were Young,The Killers,2006-10-03,False,spotify:track:3gNGi2iUGHXGpBQHce6Nua,0,Rodri,https://open.spotify.com/track/3gNGi2iUGHXGpBQHce6Nua,0.467,0.988,11,-3.313,1,0.112,0.000152,0.0484,0.28,0.321,130.435,audio_features,3gNGi2iUGHXGpBQHce6Nua,https://api.spotify.com/v1/tracks/3gNGi2iUGHXGpBQHce6Nua,https://api.spotify.com/v1/audio-analysis/3gNGi2iUGHXGpBQHce6Nua,220427,4
89,Little Black Submarines - Radio Edit [radio edit],The Black Keys,2012-09-03,False,spotify:track:17609ifVvJ7Npd8IqVnRFc,47,Rodri,https://open.spotify.com/track/17609ifVvJ7Npd8IqVnRFc,0.299,0.706,2,-5.421,1,0.0687,0.141,3.58e-05,0.0703,0.247,94.263,audio_features,17609ifVvJ7Npd8IqVnRFc,https://api.spotify.com/v1/tracks/17609ifVvJ7Npd8IqVnRFc,https://api.spotify.com/v1/audio-analysis/17609ifVvJ7Npd8IqVnRFc,204693,4
90,Spanish Sahara,Foals,2010-06-05,False,spotify:track:0ikPZkDZ7CgZMmyt5o9t57,0,Rodri,https://open.spotify.com/track/0ikPZkDZ7CgZMmyt5o9t57,0.365,0.57,9,-10.039,0,0.0696,0.028,0.042,0.108,0.364,128.432,audio_features,0ikPZkDZ7CgZMmyt5o9t57,https://api.spotify.com/v1/tracks/0ikPZkDZ7CgZMmyt5o9t57,https://api.spotify.com/v1/audio-analysis/0ikPZkDZ7CgZMmyt5o9t57,409560,4
91,You've Got The Dirtee Love - Live At The Brit Awards 2010,"['Florence + The Machine', 'Dizzee Rascal']",2010-04-12,False,spotify:track:760QEV2aGbtjfPuhOp1NpF,0,Rodri,https://open.spotify.com/track/760QEV2aGbtjfPuhOp1NpF,0.604,0.911,6,-4.633,1,0.0952,0.486,0.0,0.976,0.442,117.134,audio_features,760QEV2aGbtjfPuhOp1NpF,https://api.spotify.com/v1/tracks/760QEV2aGbtjfPuhOp1NpF,https://api.spotify.com/v1/audio-analysis/760QEV2aGbtjfPuhOp1NpF,218307,4
92,Vidas cruzadas (feat. Ivan Ferreiro),"['Quique González', 'Ivan Ferreiro']",2006-04-03,False,spotify:track:7n3vJc7HYnvqo8Gn7FnXJh,53,Rodri,https://open.spotify.com/track/7n3vJc7HYnvqo8Gn7FnXJh,0.557,0.907,0,-5.237,1,0.0575,0.0295,2.67e-05,0.697,0.856,116.929,audio_features,7n3vJc7HYnvqo8Gn7FnXJh,https://api.spotify.com/v1/tracks/7n3vJc7HYnvqo8Gn7FnXJh,https://api.spotify.com/v1/audio-analysis/7n3vJc7HYnvqo8Gn7FnXJh,213573,4
93,Los Días Raros - En Directo,Vetusta Morla,2015-04-21,False,spotify:track:2wss8ovgGaBZJlXAdaOqov,38,Rodri,https://open.spotify.com/track/2wss8ovgGaBZJlXAdaOqov,0.467,0.646,4,-7.205,1,0.0282,0.34,0.527,0.441,0.0854,90.99,audio_features,2wss8ovgGaBZJlXAdaOqov,https://api.spotify.com/v1/tracks/2wss8ovgGaBZJlXAdaOqov,https://api.spotify.com/v1/audio-analysis/2wss8ovgGaBZJlXAdaOqov,431120,4
94,"Never Let Me Go - MTV Unplugged, 2012",Florence + The Machine,2012-01-01,False,spotify:track:7viVy4Pzl3vbISTFT0Y7BJ,36,Rodri,https://open.spotify.com/track/7viVy4Pzl3vbISTFT0Y7BJ,0.402,0.284,6,-10.722,0,0.0481,0.882,0.0,0.702,0.343,148.171,audio_features,7viVy4Pzl3vbISTFT0Y7BJ,https://api.spotify.com/v1/tracks/7viVy4Pzl3vbISTFT0Y7BJ,https://api.spotify.com/v1/audio-analysis/7viVy4Pzl3vbISTFT0Y7BJ,273787,4
95,Baldosas Amarillas - En Directo,Vetusta Morla,2015-04-21,False,spotify:track:00TMWvbpUkrR68YbO4Kki5,32,Rodri,https://open.spotify.com/track/00TMWvbpUkrR68YbO4Kki5,0.38,0.599,2,-5.186,1,0.0312,0.719,0.259,0.507,0.235,120.407,audio_features,00TMWvbpUkrR68YbO4Kki5,https://api.spotify.com/v1/tracks/00TMWvbpUkrR68YbO4Kki5,https://api.spotify.com/v1/audio-analysis/00TMWvbpUkrR68YbO4Kki5,315733,4
96,Colectivo Nostalgia (En Directo),La Maravillosa Orquesta del Alcohol,2019-12-30,False,spotify:track:6LbpDY6KCoeGDvia2Vguqb,24,Rodri,https://open.spotify.com/track/6LbpDY6KCoeGDvia2Vguqb,0.275,0.474,7,-12.203,0,0.0415,0.5,1.63e-06,0.732,0.163,76.576,audio_features,6LbpDY6KCoeGDvia2Vguqb,https://api.spotify.com/v1/tracks/6LbpDY6KCoeGDvia2Vguqb,https://api.spotify.com/v1/audio-analysis/6LbpDY6KCoeGDvia2Vguqb,276507,4
97,Catedrales - En Directo,La Maravillosa Orquesta del Alcohol,2016-12-16,False,spotify:track:7usdrkCMCKmQMvy1itR6bA,24,Rodri,https://open.spotify.com/track/7usdrkCMCKmQMvy1itR6bA,0.274,0.816,9,-5.95,0,0.0399,0.0354,5.38e-06,0.802,0.304,159.662,audio_features,7usdrkCMCKmQMvy1itR6bA,https://api.spotify.com/v1/tracks/7usdrkCMCKmQMvy1itR6bA,https://api.spotify.com/v1/audio-analysis/7usdrkCMCKmQMvy1itR6bA,192107,4
98,Tierra,Xoel López,2012-04-17,False,spotify:track:6wNnwGKmH9u2HSAjUQ4kdR,55,Rodri,https://open.spotify.com/track/6wNnwGKmH9u2HSAjUQ4kdR,0.437,0.532,4,-11.022,1,0.0329,0.676,0.000646,0.101,0.543,87.02,audio_features,6wNnwGKmH9u2HSAjUQ4kdR,https://api.spotify.com/v1/tracks/6wNnwGKmH9u2HSAjUQ4kdR,https://api.spotify.com/v1/audio-analysis/6wNnwGKmH9u2HSAjUQ4kdR,238387,4
99,Tongue Tied,Grouplove,2011-09-02,False,spotify:track:0GO8y8jQk1PkHzS31d699N,84,Rodri,https://open.spotify.com/track/0GO8y8jQk1PkHzS31d699N,0.56,0.936,3,-5.835,1,0.0439,0.00847,0.0,0.161,0.371,112.96,audio_features,0GO8y8jQk1PkHzS31d699N,https://api.spotify.com/v1/tracks/0GO8y8jQk1PkHzS31d699N,https://api.spotify.com/v1/audio-analysis/0GO8y8jQk1PkHzS31d699N,218013,4
100,A Dónde Ir,Viva Suecia,2016-12-02,False,spotify:track:4nYjvyYo1Npf8Q5asm0tF3,50,Rodri,https://open.spotify.com/track/4nYjvyYo1Npf8Q5asm0tF3,0.339,0.907,8,-3.248,1,0.0509,6.05e-05,9.32e-06,0.0683,0.152,121.083,audio_features,4nYjvyYo1Npf8Q5asm0tF3,https://api.spotify.com/v1/tracks/4nYjvyYo1Npf8Q5asm0tF3,https://api.spotify.com/v1/audio-analysis/4nYjvyYo1Npf8Q5asm0tF3,246924,4
101,On Melancholy Hill,Gorillaz,2010-03-03,False,spotify:track:0q6LuUqGLUiCPP1cbdwFs3,80,Rodri,https://open.spotify.com/track/0q6LuUqGLUiCPP1cbdwFs3,0.689,0.739,2,-5.81,1,0.026,1.51e-05,0.509,0.064,0.578,120.423,audio_features,0q6LuUqGLUiCPP1cbdwFs3,https://api.spotify.com/v1/tracks/0q6LuUqGLUiCPP1cbdwFs3,https://api.spotify.com/v1/audio-analysis/0q6LuUqGLUiCPP1cbdwFs3,233867,4
102,Cocinando Filete (feat. Cookin Soul),"['Yung Beef', 'Cookin Soul']",2018-01-05,True,spotify:track:3Df1PQ2DqnadLuDv3rjsMB,46,Rodri,https://open.spotify.com/track/3Df1PQ2DqnadLuDv3rjsMB,0.514,0.866,6,-5.146,0,0.36,0.00484,0.0,0.33,0.506,168.626,audio_features,3Df1PQ2DqnadLuDv3rjsMB,https://api.spotify.com/v1/tracks/3Df1PQ2DqnadLuDv3rjsMB,https://api.spotify.com/v1/audio-analysis/3Df1PQ2DqnadLuDv3rjsMB,155690,4
103,Intro,"['Cecilio G.', 'Limabeatz']",2019-03-01,True,spotify:track:0LpOZM7rngbGAD1rmNt0aD,0,Rodri,https://open.spotify.com/track/0LpOZM7rngbGAD1rmNt0aD,0.816,0.332,3,-12.677,0,0.333,0.941,5.86e-05,0.266,0.525,125.923,audio_features,0LpOZM7rngbGAD1rmNt0aD,https://api.spotify.com/v1/tracks/0LpOZM7rngbGAD1rmNt0aD,https://api.spotify.com/v1/audio-analysis/0LpOZM7rngbGAD1rmNt0aD,121925,4
104,Si Mañana Me Muero,"['Yung Beef', 'Pipo Beatz', 'Julianno Sosa', 'Drago200', 'Uzii Gaang', 'Khaled', 'Harry Nach', 'Pablo Chill-E']",2020-12-04,True,spotify:track:44Bk6hYxoKTx9zuPMHBjBG,0,Rodri,https://open.spotify.com/track/44Bk6hYxoKTx9zuPMHBjBG,0.782,0.783,5,-5.938,1,0.0672,0.284,0.0471,0.282,0.669,119.991,audio_features,44Bk6hYxoKTx9zuPMHBjBG,https://api.spotify.com/v1/tracks/44Bk6hYxoKTx9zuPMHBjBG,https://api.spotify.com/v1/audio-analysis/44Bk6hYxoKTx9zuPMHBjBG,444000,4
105,INTRO,Yung Beef,2021-04-15,True,spotify:track:6rPTgMKyULHjgnnoT4CeDr,40,Rodri,https://open.spotify.com/track/6rPTgMKyULHjgnnoT4CeDr,0.442,0.584,2,-9.434,1,0.46,0.851,1.38e-05,0.113,0.352,82.253,audio_features,6rPTgMKyULHjgnnoT4CeDr,https://api.spotify.com/v1/tracks/6rPTgMKyULHjgnnoT4CeDr,https://api.spotify.com/v1/audio-analysis/6rPTgMKyULHjgnnoT4CeDr,185510,4
106,#BrooklynBloodPop! - Roku Remix,"['Rojuu', 'SyKo']",2021-05-31,False,spotify:track:7GjyiMXLwwSV5I3y3eVxO4,66,Rodri,https://open.spotify.com/track/7GjyiMXLwwSV5I3y3eVxO4,0.657,0.755,8,-5.134,0,0.273,0.018,9.46e-06,0.198,0.46,140.038,audio_features,7GjyiMXLwwSV5I3y3eVxO4,https://api.spotify.com/v1/tracks/7GjyiMXLwwSV5I3y3eVxO4,https://api.spotify.com/v1/audio-analysis/7GjyiMXLwwSV5I3y3eVxO4,82714,4
107,Nike Tiburón,PXXR GANGG,2019-11-22,True,spotify:track:3hBUXKlvQByNXTTdbzSGX0,41,Rodri,https://open.spotify.com/track/3hBUXKlvQByNXTTdbzSGX0,0.841,0.388,10,-11.942,0,0.527,0.0788,1.52e-06,0.126,0.327,130.021,audio_features,3hBUXKlvQByNXTTdbzSGX0,https://api.spotify.com/v1/tracks/3hBUXKlvQByNXTTdbzSGX0,https://api.spotify.com/v1/audio-analysis/3hBUXKlvQByNXTTdbzSGX0,254909,4
108,Contigo Me Voy,"['Kaydy Cain', 'EL IMA']",2021-06-22,False,spotify:track:4yuaPv20zZirxf1ufuygzP,69,Rodri,https://open.spotify.com/track/4yuaPv20zZirxf1ufuygzP,0.746,0.66,11,-5.97,0,0.144,0.403,0.0,0.0885,0.809,87.978,audio_features,4yuaPv20zZirxf1ufuygzP,https://api.spotify.com/v1/tracks/4yuaPv20zZirxf1ufuygzP,https://api.spotify.com/v1/audio-analysis/4yuaPv20zZirxf1ufuygzP,189535,4
109,Disconnected,"['James Hype', 'Tita Lau']",2021-12-10,False,spotify:track:3MK2rvp7XjarzRKFrPGMOb,69,Rodri,https://open.spotify.com/track/3MK2rvp7XjarzRKFrPGMOb,0.842,0.811,2,-6.476,1,0.109,0.00579,0.176,0.0702,0.594,125.995,audio_features,3MK2rvp7XjarzRKFrPGMOb,https://api.spotify.com/v1/tracks/3MK2rvp7XjarzRKFrPGMOb,https://api.spotify.com/v1/audio-analysis/3MK2rvp7XjarzRKFrPGMOb,194524,4
110,Demons To Some Angels To Others,Cera Khin,2021-10-01,False,spotify:track:3Ph1ThoFVEqT4eiTV3hIq3,23,Rodri,https://open.spotify.com/track/3Ph1ThoFVEqT4eiTV3hIq3,0.571,0.841,11,-6.329,0,0.0417,2.59e-05,0.739,0.192,0.069,144.999,audio_features,3Ph1ThoFVEqT4eiTV3hIq3,https://api.spotify.com/v1/tracks/3Ph1ThoFVEqT4eiTV3hIq3,https://api.spotify.com/v1/audio-analysis/3Ph1ThoFVEqT4eiTV3hIq3,342498,4
111,Full Belly,Cera Khin,2021-09-24,False,spotify:track:3FO2udFq5htKXTN61UwDNU,27,Rodri,https://open.spotify.com/track/3FO2udFq5htKXTN61UwDNU,0.605,0.979,6,-6.055,1,0.171,0.000448,0.844,0.09,0.0473,150.003,audio_features,3FO2udFq5htKXTN61UwDNU,https://api.spotify.com/v1/tracks/3FO2udFq5htKXTN61UwDNU,https://api.spotify.com/v1/audio-analysis/3FO2udFq5htKXTN61UwDNU,317301,4
112,AER (All Engines Running),Fatima Hajji,2021-12-03,False,spotify:track:2X23kxJw0Tdi3al2xja4Gi,47,Rodri,https://open.spotify.com/track/2X23kxJw0Tdi3al2xja4Gi,0.593,0.996,10,-6.18,0,0.0874,0.000639,0.867,0.193,0.101,135.005,audio_features,2X23kxJw0Tdi3al2xja4Gi,https://api.spotify.com/v1/tracks/2X23kxJw0Tdi3al2xja4Gi,https://api.spotify.com/v1/audio-analysis/2X23kxJw0Tdi3al2xja4Gi,204444,4
113,Violines,Fatima Hajji,2013-05-13,False,spotify:track:2pdKI7EjvnHoyUU7cpbbMV,39,Rodri,https://open.spotify.com/track/2pdKI7EjvnHoyUU7cpbbMV,0.669,0.944,7,-9.281,1,0.394,0.104,0.174,0.343,0.34,140.999,audio_features,2pdKI7EjvnHoyUU7cpbbMV,https://api.spotify.com/v1/tracks/2pdKI7EjvnHoyUU7cpbbMV,https://api.spotify.com/v1/audio-analysis/2pdKI7EjvnHoyUU7cpbbMV,333617,4
114,Donde Vas - Original Mix,Fatima Hajji,2021-07-16,False,spotify:track:3SJq5TjZOB01Q1nG2bzAYO,40,Rodri,https://open.spotify.com/track/3SJq5TjZOB01Q1nG2bzAYO,0.569,0.997,7,-5.551,1,0.105,0.00131,0.753,0.263,0.108,135.005,audio_features,3SJq5TjZOB01Q1nG2bzAYO,https://api.spotify.com/v1/tracks/3SJq5TjZOB01Q1nG2bzAYO,https://api.spotify.com/v1/audio-analysis/3SJq5TjZOB01Q1nG2bzAYO,360000,4
115,Groove 1.0,"['Abel The Kid', 'Raul Ortiz']",2001-10-20,False,spotify:track:6meQ1w79f2KSC2AibFAE16,34,Rodri,https://open.spotify.com/track/6meQ1w79f2KSC2AibFAE16,0.727,0.995,7,-6.479,0,0.0794,0.0025,0.472,0.295,0.244,145.009,audio_features,6meQ1w79f2KSC2AibFAE16,https://api.spotify.com/v1/tracks/6meQ1w79f2KSC2AibFAE16,https://api.spotify.com/v1/audio-analysis/6meQ1w79f2KSC2AibFAE16,369058,4
116,Groove 2.0 the Music,"['Abel The Kid', 'Raul Ortiz']",2002-05-20,False,spotify:track:6FnfWDH1LJEckq3b5pzR8u,25,Rodri,https://open.spotify.com/track/6FnfWDH1LJEckq3b5pzR8u,0.747,0.993,9,-3.879,0,0.138,0.0536,0.916,0.0815,0.146,147.0,audio_features,6FnfWDH1LJEckq3b5pzR8u,https://api.spotify.com/v1/tracks/6FnfWDH1LJEckq3b5pzR8u,https://api.spotify.com/v1/audio-analysis/6FnfWDH1LJEckq3b5pzR8u,376165,4
117,Groove 3.0 Hallelujah,"['Abel The Kid', 'Raul Ortiz']",2003-06-20,False,spotify:track:4MD8MruHP7LJCzeOL4pOBQ,28,Rodri,https://open.spotify.com/track/4MD8MruHP7LJCzeOL4pOBQ,0.752,1.0,9,-3.987,0,0.0805,0.000174,0.82,0.0867,0.0604,148.0,audio_features,4MD8MruHP7LJCzeOL4pOBQ,https://api.spotify.com/v1/tracks/4MD8MruHP7LJCzeOL4pOBQ,https://api.spotify.com/v1/audio-analysis/4MD8MruHP7LJCzeOL4pOBQ,349912,4
118,"No Light, No Light - MTV Unplugged, 2012",Florence + The Machine,2012-01-01,False,spotify:track:4PTPbE3HvhxB9z3SYMBfz6,46,Rodri,https://open.spotify.com/track/4PTPbE3HvhxB9z3SYMBfz6,0.383,0.231,0,-10.257,1,0.0396,0.834,0.0,0.703,0.156,95.67,audio_features,4PTPbE3HvhxB9z3SYMBfz6,https://api.spotify.com/v1/tracks/4PTPbE3HvhxB9z3SYMBfz6,https://api.spotify.com/v1/audio-analysis/4PTPbE3HvhxB9z3SYMBfz6,252667,3
119,Qué no daría yo - Directo,Pastora Soler,2010-09-07,False,spotify:track:5DSHlxgIdt9eXs86Xyohjm,30,JeanCha,https://open.spotify.com/track/5DSHlxgIdt9eXs86Xyohjm,0.592,0.596,4,-5.192,0,0.0764,0.333,0.000233,0.671,0.202,78.634,audio_features,5DSHlxgIdt9eXs86Xyohjm,https://api.spotify.com/v1/tracks/5DSHlxgIdt9eXs86Xyohjm,https://api.spotify.com/v1/audio-analysis/5DSHlxgIdt9eXs86Xyohjm,332827,4
120,Yelo,C. Tangana,2020-01-09,False,spotify:track:3OUPJPD1OmFd8gL7ztY9v8,59,Pablo,https://open.spotify.com/track/3OUPJPD1OmFd8gL7ztY9v8,0.826,0.67,11,-3.806,1,0.0348,0.421,8.21e-06,0.205,0.792,135.038,audio_features,3OUPJPD1OmFd8gL7ztY9v8,https://api.spotify.com/v1/tracks/3OUPJPD1OmFd8gL7ztY9v8,https://api.spotify.com/v1/audio-analysis/3OUPJPD1OmFd8gL7ztY9v8,189357,4
121,Humo y Alcohol - Feat. Jerv.AGZ & C. Tangana,"['Sticky M.A.', 'Jerv.AGZ', 'C. Tangana']",2018-02-23,True,spotify:track:2aaKChuWrI14YOmjN0gU9D,33,Pablo,https://open.spotify.com/track/2aaKChuWrI14YOmjN0gU9D,0.641,0.743,5,-5.783,0,0.0542,0.0818,0.0,0.399,0.444,159.998,audio_features,2aaKChuWrI14YOmjN0gU9D,https://api.spotify.com/v1/tracks/2aaKChuWrI14YOmjN0gU9D,https://api.spotify.com/v1/audio-analysis/2aaKChuWrI14YOmjN0gU9D,267000,4
122,La Última Canción,Rels B,2020-12-26,False,spotify:track:2mRwodUOATBk5spcUsEidB,74,Pablo,https://open.spotify.com/track/2mRwodUOATBk5spcUsEidB,0.793,0.605,1,-4.952,0,0.119,0.426,0.0,0.334,0.268,91.068,audio_features,2mRwodUOATBk5spcUsEidB,https://api.spotify.com/v1/tracks/2mRwodUOATBk5spcUsEidB,https://api.spotify.com/v1/audio-analysis/2mRwodUOATBk5spcUsEidB,184749,4
123,"Si Mañana Me Muero (feat. Pablo Chill-E, Julianno Sosa, Drago200, Harry Nach, Uzii Gaang & Khaled)","['Yung Beef', 'Pipo Beatz', 'Pablo Chill-E', 'Julianno Sosa', 'Drago200', 'Harry Nach', 'Uzii Gaang', 'Khaled']",2020-12-04,True,spotify:track:7FHvE7vpyQKK0NiULTxs0b,58,Pablo,https://open.spotify.com/track/7FHvE7vpyQKK0NiULTxs0b,0.782,0.783,5,-5.938,1,0.0672,0.284,0.0471,0.282,0.669,119.991,audio_features,7FHvE7vpyQKK0NiULTxs0b,https://api.spotify.com/v1/tracks/7FHvE7vpyQKK0NiULTxs0b,https://api.spotify.com/v1/audio-analysis/7FHvE7vpyQKK0NiULTxs0b,444000,4
124,Hurricane,Ran-D,2018-08-13,False,spotify:track:7rKS9FoVpE1mLrbxCnlokX,60,Pablo,https://open.spotify.com/track/7rKS9FoVpE1mLrbxCnlokX,0.575,0.979,8,-1.561,0,0.396,0.0321,0.0,0.34,0.366,155.032,audio_features,7rKS9FoVpE1mLrbxCnlokX,https://api.spotify.com/v1/tracks/7rKS9FoVpE1mLrbxCnlokX,https://api.spotify.com/v1/audio-analysis/7rKS9FoVpE1mLrbxCnlokX,295647,4
125,Battleborn,"['Ran-D', 'Frequencerz', 'Adaro']",2020-05-01,False,spotify:track:5qaBcAcCuRaXAfQIVhwkws,56,Pablo,https://open.spotify.com/track/5qaBcAcCuRaXAfQIVhwkws,0.329,0.968,5,-2.636,0,0.345,0.125,0.0,0.169,0.146,155.03,audio_features,5qaBcAcCuRaXAfQIVhwkws,https://api.spotify.com/v1/tracks/5qaBcAcCuRaXAfQIVhwkws,https://api.spotify.com/v1/audio-analysis/5qaBcAcCuRaXAfQIVhwkws,260983,4
126,Home,Headhunterz,2019-09-12,False,spotify:track:0zolxiS5uiL5towOJrsJi4,57,Pablo,https://open.spotify.com/track/0zolxiS5uiL5towOJrsJi4,0.552,0.829,6,-4.988,0,0.0845,0.187,5.44e-05,0.283,0.367,150.039,audio_features,0zolxiS5uiL5towOJrsJi4,https://api.spotify.com/v1/tracks/0zolxiS5uiL5towOJrsJi4,https://api.spotify.com/v1/audio-analysis/0zolxiS5uiL5towOJrsJi4,234166,4
127,Tourment d' amour,"['La Fine Equipe', 'Saneyes']",2011-06-27,False,spotify:track:1pur8kv69XmZqA3uoMEYnH,59,Ana,https://open.spotify.com/track/1pur8kv69XmZqA3uoMEYnH,0.749,0.477,4,-6.06,0,0.198,0.153,1.08e-05,0.823,0.882,95.968,audio_features,1pur8kv69XmZqA3uoMEYnH,https://api.spotify.com/v1/tracks/1pur8kv69XmZqA3uoMEYnH,https://api.spotify.com/v1/audio-analysis/1pur8kv69XmZqA3uoMEYnH,133893,4
