,order_id,customer_id,date,nearest_warehouse,shopping_cart,order_price,delivery_charges,customer_lat,customer_long,coupon_discount,order_total,season,is_expedited_delivery,distance_to_nearest_warehouse,latest_customer_review,is_happy_customer
0,ORD182494,ID6197211592,2019-06-22,Thompson,"[('Lucent 330S', 1), ('Thunder line', 2), ('iStream', 2), ('pearTV', 1)]",12200,79.89,-37.8151052,144.9328434,10,11059.89,Winter,True,1.28,"perfect phone and trusted seller. phone itself is amazing. i got this phone as shown here on the description. it came in with original packaging including all original accessories. yes this phone is unlocked, so no doubt about it.",True
1,ORD395518,ID0282825849,2019-12-29,Thompson,"[('Thunder line', 1), ('Universe Note', 2)]",9080,62.71,-37.8027362,144.9511178,0,9142.71,Summer,False,1.1621,"it keeps dropping calls the wifi don't work this is a waste of money this phone is worthless, it keeps dropping calls the wifi don't work this is a waste of money",False
2,ORD494479,ID0579391891,2019-03-02,Nickolson,"[('Thunder line', 1), ('pearTV', 2)]",10670,65.87,-37.8213016,144.9575809,10,9668.87,Autumn,False,1.0949,five stars this is a great cheap phone.,True
3,ORD019224,ID4544561904,2019-01-12,Nickolson,"[('Universe Note', 1), ('Alcon 10', 2), ('Olivia x460', 1), ('iAssist Line', 1)]",24800,57.61,-37.8114157,144.9730729,15,21137.61,Summer,False,0.8571,charger did not fit the charger didn't fit.,False
4,ORD104032,ID6231506320,2019-11-28,Nickolson,"[('Universe Note', 1), ('Olivia x460', 1), ('iStream', 1), ('Toshika 750', 1)]",9145,75.54,37.8238586,144.9698923,25,6934.29,Spring,False,0.5867,four stars good,True
5,ORD146760,ID0311654900,2019-09-16,Bakers,"[('Thunder line', 2), ('Universe Note', 1)]",7810,71.22,37.8202452,145.0149442,10,7100.22,Spring,False,2.0752,stolen phone sold us a stolen phone so we couldn't activate it. we ended up returning it and just purchasing a new one through our phone plan.,False
6,ORD337984,ID3394768956,2019-09-14,Thompson,"[('Candle Inferno', 1), ('Alcon 10', 1), ('Toshika 750', 1)]",13700,74.84,-37.8077429,144.9515704,5,13089.84,Spring,False,0.6767,"love our inferno stick,easy to set up and have loads of shows for free and plenty to rent or buy.we also use pluto tv and tubi so that's even more tv.iassist makes it so easy to find any show or movie i want.we love the money we save.",True
7,ORD072312,ID0774517121,2019-05-23,Thompson,"[('Universe Note', 1), ('Thunder line', 2), ('iStream', 1)]",7960,52.28,-37.8063372,144.9595445,5,10789.79,Autumn,False,1.3043,it sucks mine came with dead pixels,False
8,ORD377837,ID4769265355,2019-10-09,Bakers,"[('Alcon 10', 2), ('Thunder line', 1), ('Candle Inferno', 2), ('iAssist Line', 2)]",25390,107.58,-37.8108099,145.0140735,10,22958.58,Spring,True,1.6595,this is how top phone should look like! super fast phone. overall no single issue found. or at last i did not consider. works flawless. super slim design is amazing. screen color and brightness tuned perfectly. best phone for sure,True
9,ORD462194,ID5301568579,2019-03-21,Thompson,"[('Universe Note', 1), ('Lucent 330S', 1), ('Toshika 750', 2)]",13320,62.26,-37.808675,144.9423368,15,11384.26,winter,True,0.6093,does not live up to its reputation. customer service at olivia is the worst. phone is horrible. do not buy this phone. the touch response is bad. customer service is horrible at olivia stay away.,False
10,ORD034800,ID4283908179,2019-08-03,Bakers,"[('Alcon 10', 2), ('pearTV', 2), ('iStream', 1), ('Olivia x460', 1)]",31895,78.25,-37.8113336,145.0086784,0,31973.25,Winter,True,1.1919,i love this phone it is so user friendly and the battery life is amazing.,True
11,ORD361636,ID0589500304,2019-12-05,Nickolson,"[('Lucent 330S', 1), ('pearTV', 2)]",13850,77.29,-37.8202279,144.9574109,25,10464.79,Summer,False,1.0829,great phone great deal! phone in fantastic condition 3 months already..knock on wood,True
12,ORD124395,ID0702352304,2019-02-11,Thompson,"[('Alcon 10', 1), ('Universe Note', 1), ('pearTV', 1), ('iStream', 2)]",19010,94.75,-37.8054326,144.9413327,0,926057.25,Summer,True,0.9509,"the cult's alive i love this little dummy-phone. the standby time's bananas! the handling's fantastic, even though the software could be more intuitive. but it's made to do 2 things: make/take phone calls and texts. and for that it works perfect!",True
13,ORD255642,ID3085953531,2019-12-24,Nickolson,"[('iAssist Line', 2), ('Alcon 10', 1), ('pearTV', 1)]",19710,75.64,-37.8161657,144.9752775,0,19785.64,Summer,True,0.5716,"phone had a problem phone seemed great but constantly had a message about service provider update after inserting sim card, which rendered the phone useless. spent several hours trying to figure out the problem and called olivia, cricket, sprint but nobody could help.",False
14,ORD496722,ID0589449820,2019-04-09,Nickolson,"[('pearTV', 2), ('iStream', 1), ('Lucent 330S', 1), ('Alcon 10', 2)]",31900,79.78,-37.8094626,144.9723672,0,31979.78,Autumn,True,66.6483,"five stars good speed, like stanley",True
15,ORD449130,ID0356449717,2019-05-17,Bakers,"[('Toshika 750', 2), ('Alcon 10', 1), ('Thunder line', 1), ('Candle Inferno', 1)]",20200,46.35,-37.8081254,144.9867964,25,15196.35,Autumn,False,0.7706,junk that what receive in the mail .,False
16,ORD036056,ID0767733196,2019-08-10,Nickolson,"[('Alcon 10', 1), ('Olivia x460', 2), ('Lucent 330S', 1), ('Thunder line', 1)]",14810,80.69,-37.8042307,144.9717294,25,11188.19,Winter,True,1.6104,love it i am in love with my phone. üòçüì±,True
17,ORD428910,ID2180614753,2019-07-15,Nickolson,"[('Olivia x460', 1), ('Candle Inferno', 1)]",1655,63.27,-37.8141139,144.9714122,25,1304.52,Winter,False,0.525,nice phone worked great on straight talk. been a durable phone,True
18,ORD007249,ID0767586831,2019-02-24,Nickolson,"[('iAssist Line', 2), ('Candle Inferno', 2), ('Olivia x460', 1)]",6535,60.64,-37.8091799,144.9728744,5,6268.89,Summer,False,1.088,one star the phone does not work since i received it.,False
19,ORD232940,ID2020835025,2019-01-04,Nickolson,"[('iAssist Line', 1), ('Toshika 750', 1)]",6545,77.11,-37.8149171,144.9680205,5,6294.86,Summer,True,61.2935,tablet had trouble from the begging it kept restarting and rebooting i had to return it.,False
20,ORD178590,ID6167441029,2019-11-20,Thompson,"[('Candle Inferno', 1), ('Toshika 750', 2), ('Thunder line', 1), ('Lucent 330S', 2)]",13710,77.61,-37.809311,145.0185951,0,13787.61,Spring,False,1.2791,love it. perfect. the battery life is at 94% which is awesome for a refurbished phone.,True
21,ORD157688,ID1404219802,2019-12-15,Bakers,"[('Candle Inferno', 1), ('Toshika 750', 1)]",4750,73.05,-37.8028178,144.992404,0,4823.05,winter,False,0.8369,None,True
22,ORD314979,ID2187972536,2019-09-17,Nickolson,"[('Lucent 330S', 1), ('Alcon 10', 2), ('iStream', 1), ('Universe Note', 1)]",22730,63.51,-37.8095956,144.9638143,25,17111.01,Spring,False,1.1216,just missed the 30 day warranty it stopped working after 1 month of use very light use at that. didn't turn back on. buyer beware make sure you get the phone checked by pros to see if there is something wrong with it,False
23,ORD339672,ID0129952519,2019-10-07,Bakers,"[('Olivia x460', 1), ('iAssist Line', 2)]",5675,73.03,-37.8069808,144.9942382,5,5464.28,Spring,False,0.3468,"i think that the digico candle tablet was a great purchase for my teenage daughter and grandson, very easy to operate. it kept them entertained for hours while we were traveling on the train for vacation.",True
24,ORD239838,ID1888086809,2019-04-07,Thompson,"[('Universe Note', 2), ('Toshika 750', 1), ('pearTV', 1), ('Candle Inferno', 2)]",18390,68.69,-37.7995959,144.9605411,5,17539.19,Autumn,False,1.877,"i love it, wife hates it.",True
25,ORD340641,ID3130999251,2019-11-19,Bakers,"[('Candle Inferno', 1), ('Thunder line', 1), ('iStream', 2)]",2910,91.48,-37.813288,145.0104152,25,2273.98,Spring,True,1.3846,"not gsm unlocked this device is not gsm unlocked. i got the phone and tried to use my sim card and it is locked only for verizon. so disappointed in the seller for advertising it as such. tried an at&t, and t-mobile sim, and neither will work. needless to say, i am immediately returning it.",False
26,ORD330543,ID0282854607,2019-01-05,Bakers,"[('pearTV', 2), ('Lucent 330S', 1), ('Toshika 750', 2)]",22490,105.04,-37.802871,145.0166333,10,20346.04,Summer,True,2.0425,"more options where's the different option for color/ storage also the pro version. also wasn't the phone supposed to be 150$ not 200. there's no where i can see on the official site, cost about double in other sites also need more capatable phone carrier brands",True
27,ORD052585,ID1479897546,2019-06-24,Nickolson,"[('Thunder line', 2), ('Olivia x460', 1)]",5585,78.28,-37.8200704,145.0117177,0,5663.28,Winter,True,0.9992,"great phone! i used this phone for several months and never had a problem! only small issue may be the little keys, but it didn't bother me one bit. excellent phone!",True
28,ORD035930,ID0593055535,2019-02-26,Nickolson,"[('Lucent 330S', 2), ('Candle Inferno', 1), ('Universe Note', 1), ('pearTV', 2)]",18960,77.8,-37.812004,144.9636734,10,17141.8,Summer,True,0.8975,"when i will receive this product that i bought on october 30, 2019. when i receive this product i will know.",False
29,ORD406814,ID0452381262,2019-03-01,Thompson,"[('Thunder line', 2), ('Toshika 750', 1), ('pearTV', 2), ('Candle Inferno', 1)]",21730,69.68,-37.8253426,144.9513179,10,19626.68,Autumn,False,1.459,"good phone... obviously, this isn't a newer pixel but it's a good phone.",True
30,ORD069995,ID0576879097,2019-07-25,Nickolson,"[('pearTV', 1), ('Olivia x460', 2), ('Universe Note', 1)]",12210,77.24,-37.8201805,144.980577,0,12287.24,Winter,True,0.9855,five stars nice.,True
31,ORD383725,ID2020813862,2019-03-01,Thompson,"[('Universe Note', 2), ('iAssist Line', 2), ('Toshika 750', 1), ('iStream', 1)]",15820,64.81,-37.8115241,144.9592206,15,402307.25,Autumn,False,1.0763,"omg this is an amazing phone, this can be compared to phones that cost $1,000.",True
32,ORD026682,ID0076459536,2019-04-26,Bakers,"[('iStream', 1), ('Thunder line', 2), ('Candle Inferno', 2), ('Lucent 330S', 2)]",7830,70.74,-37.791144,144.9368632,0,7900.74,Autumn,True,2.5592,defectuoso defectuoso,False
33,ORD349525,ID1833115014,2019-12-17,Thompson,"[('Universe Note', 2), ('iAssist Line', 1), ('Thunder line', 2), ('Toshika 750', 1)]",17805,74.79,-37.8076815,144.9544519,5,16989.54,Summer,False,0.8546,perfect for me. i really love this phone. bought it used. no damage and it works as though it is new.,True
34,ORD215329,ID0580186550,2019-04-14,Thompson,"[('pearTV', 1), ('iStream', 2), ('Universe Note', 2), ('Alcon 10', 1)]",22460,70.09,-37.7998828,144.9272705,15,19161.09,winter,False,2.2493,"looks good! was a gift for daughter. she's happy with, said she likes the look and feel.",True
35,ORD387808,ID0387153095,2019-12-29,nickolson,"[('Universe Note', 1), ('iStream', 2)]",3750,92.94,-37.8069542,144.9542763,15,3280.44,Summer,True,0.8984,got this for my grandmother and she absolutely loves it.,True
36,ORD154758,ID0207093524,2019-08-27,Bakers,"[('pearTV', 1), ('iStream', 2), ('Universe Note', 2)]",13510,53.95,-37.8032831,145.007438,25,10186.45,Winter,False,1.308,"this worked well for about 6 months but then stopped connecting to the internet (wifi) and none of the trouble shooting efforts worked.  digico customer service couldn't help further and told me warranty was only 3 months, which was very disappointing, so they weren't willing to replace.",False
37,ORD157353,ID6167266626,2019-06-26,Nickolson,"[('pearTV', 2), ('iStream', 1)]",12770,52.12,-37.8095947,144.9636776,0,12822.12,Winter,False,1.1272,one star phone sucks!!! don't ever buy that piece of junk!!!,True
38,ORD430536,ID0598399382,2019-04-02,Nickolson,"[('Toshika 750', 1), ('iAssist Line', 1), ('iStream', 1), ('Universe Note', 2)]",13595,64.53,-37.8140167,144.9654387,15,11620.28,Autumn,False,0.6249,excellent phone i really bought it as a gift is a phone that a friend in another country that uses the 3g network sent me thanks because the phone is formidable thanks for your work,True
39,ORD453282,ID0781091686,2019-10-17,Bakers,"[('pearTV', 2), ('iAssist Line', 1), ('Candle Inferno', 1)]",15275,91.46,-37.8119347,145.0134889,15,13075.21,Spring,True,1.62,no me an entregado todav√≠a muy mal x que hasta el d√≠a de hoy no me lo entregan,False
40,ORD466433,ID3218293544,2019-03-08,Thompson,"[('pearTV', 1), ('Olivia x460', 1)]",7535,66.54,-37.8040253,144.9528506,25,5717.79,Autumn,False,1.1956,"great phone! ordered for my 77 year old mom. she loves it, says it's the best one she's ever had. coming from her, that's a big compliment.",True
41,ORD481832,ID0589473307,2019-02-02,Nickolson,"[('Universe Note', 2), ('Candle Inferno', 2), ('pearTV', 1)]",14070,73.33,-37.8200673,144.9586124,15,620502.3,Summer,False,0.9757,"very pleased with the thunder 2nd generation. it is so nice to have iassist available for music, weather, news, and probably a lot more we haven‚Äôt discovered.",True
42,ORD344472,ID5002592919,2019-12-21,Thompson,"[('Lucent 330S', 2), ('Candle Inferno', 2), ('Toshika 750', 1), ('iAssist Line', 1)]",9865,52.2,-37.8122134,144.9519126,15,8437.45,Summer,False,0.429,does not respond to actions performed. this phone has no response to your actions most of the time. you constantly have to redo every touch you make. returning...,False
43,ORD473815,ID0588198721,03-13-2019,Nickolson,"[('Thunder line', 1), ('pearTV', 1)]",8490,66.07,-37.8121368,144.9739924,5,8131.57,Autumn,False,0.8182,"awesome phone! great phone! the screen is a nice size, the color was perfect- i absolutely love it! the shipping service was also wonderful- it came right on time! thanks digico!",True
44,ORD098336,ID0703556755,2019-03-28,Thompson,"[('pearTV', 1), ('Thunder line', 2), ('iAssist Line', 1), ('Candle Inferno', 2)]",13755,67.01,-37.8068782,144.9560174,0,13822.01,Autumn,False,1.0176,great and informative service. the guy who helped us was very friendly.,True
45,ORD164452,ID4804855254,2019-12-19,Thompson,"[('Candle Inferno', 1), ('Toshika 750', 1), ('Universe Note', 1)]",8200,66.01,-37.7990648,144.9454199,10,7446.01,Summer,False,1.5218,two stars hi my product do not turn on it broken.,False
46,ORD029585,ID0248746951,2019-02-14,Thompson,"[('Lucent 330S', 1), ('iStream', 1), ('pearTV', 2)]",14000,98.3,-37.8217934,144.9907543,25,10598.3,Summer,True,1.371,fair trade as expected,True
47,ORD212818,ID0253027653,2019-09-28,Thompson,"[('pearTV', 1), ('Lucent 330S', 2)]",8770,66.33,-37.8240667,145.0163708,0,8836.33,Spring,False,1.3039,"one star not a new phone, malfunctioning right out of the box, flickering white screen over everything.",False
48,ORD468449,ID0634783945,2019-12-21,Thompson,"[('Thunder line', 1), ('Toshika 750', 2), ('Alcon 10', 2), ('Candle Inferno', 2)]",29580,94.73,-37.8125043,144.9374633,5,28195.73,Summer,True,0.845,great lucent g quality phone for the price point,True
49,ORD235371,ID0589704716,2019-06-03,Thompson,"[('Alcon 10', 2), ('Lucent 330S', 2)]",20360,78.81,-37.8210844,144.9550887,5,19420.81,Winter,True,1.1722,this is the best phone i have ever bought you want a camera that makes phone calls.....then you got it.....top of the line phone too,True
50,ORD403400,ID0814816061,2019-05-27,Nickolson,"[('Universe Note', 1), ('iAssist Line', 2)]",7900,77.82,-37.8153678,144.975339,0,7977.82,Autumn,True,0.623,perfect! looked brand new!! worked perfect once sim card installed!,True
51,ORD212584,ID0277362770,2019-01-18,nickolson,"[('iStream', 2), ('iAssist Line', 2), ('Universe Note', 2)]",11650,96.56,-37.8113389,145.0085819,15,9999.06,Summer,True,1.1835,five stars sweet,True
52,ORD439821,ID6167489399,2019-01-28,Thompson,"[('Lucent 330S', 1), ('Candle Inferno', 2), ('iStream', 2)]",2390,76.36,-37.8096114,144.9595749,5,2346.86,Summer,False,1.1514,honest mistake purchased two unlocked phones but only one came unlock. contact seller and received code to unlock phone. after numerous attempts i was able to unlock phone. i am now please with my purchase. i was going to return phone but decided to keep phone.,True
53,ORD288212,ID6167440982,2019-08-03,Nickolson,"[('Toshika 750', 2), ('Lucent 330S', 1), ('pearTV', 1)]",16180,50.05,-37.0266563,144.9630777,5,15421.05,Winter,False,0.7368,my phone has over heated and no longer works. ... my phone has over heated and no longer works..it worked for a year but now it doesn't work idk what to do..,False
54,ORD308765,ID0107172471,2019-01-04,Nickolson,"[('iStream', 1), ('Thunder line', 1)]",2330,89.45,-37.8214213,144.9639248,5,2302.95,Summer,True,0.5863,five stars it is everything and more. seller threw in a screen protector. thanks,True
55,ORD442452,ID0582560124,2019-08-26,Nickolson,"[('Alcon 10', 2), ('Toshika 750', 2), ('pearTV', 2), ('Thunder line', 2)]",43520,62.93,-37.8221851,144.9786566,5,41406.93,Winter,True,0.8949,"was not described accurately phone was labeled as ""verizon"" and ""unlocked"" but is neither. this cellphone is only serviceable with at&t which i don't have making the phone worthless to me.",False
56,ORD370065,ID2473002367,2019-03-02,Bakers,"[('iAssist Line', 1), ('Thunder line', 1)]",4405,65.72,-37.8041871,145.0022771,0,4470.72,Autumn,False,0.8956,one of the most better cells in the market all the phone cell are beautiful and well designed,False
57,ORD386513,ID0746912612,2019-09-07,Nickolson,"[('Lucent 330S', 2), ('pearTV', 1), ('Toshika 750', 2)]",17410,66.7,-37.8248801,144.9847117,5,22306.28,Spring,False,1.5055,"la pantalla dejo de funcionar sorry, this video is unsupported on this browser. ¬†luego de 24 horas la pantalla dejo de funcionar y solo parpadea como muestra el video",False
58,ORD405547,ID3213448169,2019-05-05,Thompson,"[('Lucent 330S', 2), ('iAssist Line', 1)]",4685,65.27,-37.8080577,144.9609388,25,3579.02,Autumn,False,1.3236,"five stars great phone, works very well. i am in love.",True
59,ORD476072,ID0250774457,2019-09-26,Bakers,"[('iassist line', 2), ('toshika 750', 2), ('olivia x460', 1), ('universe note', 1)]",17765,67.96,-37.8147977,145.0118159,15,15168.21,Spring,False,1.5533,sad :( i emailed the seller and asked him if there was anything wrong with the phone and they assured me they check all their devices and nothing was wrong with the phone. when it arrived the home button was not working. i will have to get the entire screen changed to fix this which will cost well over $100. disappointed.,False
60,ORD261924,ID0373641803,2019-05-30,Thompson,"[('Universe Note', 2), ('Candle Inferno', 2)]",7760,52.6,-37.8108227,145.0166183,10,7036.6,Autumn,False,1.3344,"one star i would not buy any of asus phone, they are very fragile even with heavy cover.",False
61,ORD028755,ID0283255338,2019-06-13,Bakers,"[('iAssist Line', 2), ('pearTV', 2), ('Thunder line', 1), ('Alcon 10', 2)]",37150,65.32,-37.8039824,145.0075865,0,37215.32,Winter,True,1.2762,i order google pixel 2xl and it's come google pixel 2 and i don't like it bad phone i order google pixel 2xl and it's come google pixel 2 and i don't like it it's not google pixel 2 xl,False
62,ORD363569,ID1283637393,2019-09-03,Thompson,"[('Candle Inferno', 1), ('Alcon 10', 2), ('Toshika 750', 1), ('Olivia x460', 1)]",23875,66.95,-37.8020319,144.9570706,25,17973.2,Spring,False,1.4754,"do not buy! bought this phone and was so disappointed, phone clearly said 64gb on the phone and the packaging, but when i installed2 app no space. only to see it's only 8 gb. to late to return it will because of where i am now.",False
63,ORD239056,ID0598401527,2019-04-25,Nickolson,"[('Alcon 10', 1), ('pearTV', 1), ('iAssist Line', 2)]",19710,63.3,-37.8146744,144.963545,25,14845.8,Autumn,True,0.6851,one star defected.,False
64,ORD103199,ID0711334400,2019-01-02,Thompson,"[('iStream', 2), ('Thunder line', 2), ('Lucent 330S', 1)]",5890,78.13,-37.8068633,144.9589424,10,5379.13,winter,False,1.2283,"great value bought this as an inexpensive replacement for a stolen phone. arrived in great condition, exactly as described. so far it has been a great phone for my mother and had no issues with the quality or service.",True
65,ORD288725,ID0457365601,2019-10-25,Nickolson,"[('pearTV', 1), ('iAssist Line', 2), ('Toshika 750', 2)]",19400,72.47,-37.8207167,144.9707771,15,16562.47,Spring,False,0.2596,quick and easy to set up,True
66,ORD005232,ID0247417091,2019-11-04,Nickolson,"[('Lucent 330S', 1), ('Olivia x460', 1), ('Universe Note', 1)]",5905,95.22,-37.8179057,144.9706398,15,5114.47,Spring,True,0.1227,"excellent battery life quick sale and shipping. using it as a 32 gb mp3 player w/fm radio when i travel. excellent battery life, too. not too shabby for $5 @!! i'm happy. btw, it came with triple minutes, if i ever use it as a cellphone :)",True
67,ORD158007,ID3106293373,2019-02-22,Thompson,"[('iStream', 1), ('Olivia x460', 1), ('Alcon 10', 2), ('Thunder line', 1)]",61619,79.39,-37.8066068,144.9324524,15,18316.14,Summer,False,1.452,mom loves it i bought this for my mom and she loves it. she saw that i got the note edge and she loved it so i got her this one. the note edge would have been too big for her little hands. i almost bought this phone for myself but i love a bigger phone.,True
68,ORD345282,ID6167417944,2019-10-16,Nickolson,"[('Toshika 750', 2), ('Lucent 330S', 1), ('iStream', 1)]",10020,100.79,-37.8144836,144.9619659,5,9619.79,Spring,True,0.8089,five stars love it,True
69,ORD355878,ID4297530201,2019-09-17,Bakers,"[('IASSIST LINE', 1), ('ALCON 10', 2), ('OLIVIA X460', 1), ('ISTREAM', 1)]",21500,92.62,-37.8023255,144.9777778,15,18367.62,Spring,True,1.7566,phone i thought it was new. battery didn't work and the phone looked bad.,False
70,ORD122655,ID1725216621,2019-06-28,Thompson,"[('Universe Note', 2), ('Thunder line', 1), ('Candle Inferno', 2), ('Toshika 750', 2)]",655164,81.7,-37.8040911,144.9619114,10,16803.7,Winter,True,1.6176,five stars excellent phone! i do not understand why people are buying alcon or olivia for $$$$$!!!,True
71,ORD371930,ID6231506306,2019-06-29,Nickolson,"[('Alcon 10', 2), ('Toshika 750', 2)]",26540,76.53,-37.8248015,144.9690242,0,26616.53,Winter,True,0.6924,ok ok,True
72,ORD230298,ID0304186956,2019-11-03,Nickolson,"[('Universe Note', 1), ('Olivia x460', 2), ('Thunder line', 2)]",10260,81.6,-37.8260331,144.9835017,15,8802.6,Spring,False,1.48,nice budget phone this is awsome phone with this price. face unlock is really fast. yet to check camera quality.,True
73,ORD242226,ID1152560936,2019-03-03,Thompson,"[('Alcon 10', 2), ('pearTV', 1)]",24210,83.23,-37.798879,144.9516355,0,24293.23,Autumn,True,1.5872,very easy to use tablet. lots of apps and game available.,True
74,ORD228044,ID0746912592,2019-01-31,Nickolson,"[('iStream', 1), ('Thunder line', 2)]",4510,79.92,-37.024913,144.9842075,15,3913.42,Summer,False,1.4323,phone was great e5 worked great.,True
75,ORD070810,ID0317369540,2019-02-22,Thompson,"[('Olivia x460', 1), ('Candle Inferno', 1), ('pearTV', 2)]",14275,77.18,-37.8062244,144.9554662,15,12210.93,Summer,False,1.0299,is really good and i like it i got tired from braying ... this phone. is really good and i like it i got tired from braying i phones. lg. ets. i got to of this phone,True
76,ORD063307,ID4418536063,2019-09-14,Thompson,"[('Olivia x460', 1), ('Lucent 330S', 1), ('iStream', 1)]",2605,85.06,-37.8021972,144.9630762,0,2690.06,Spring,False,1.8281,five stars this is the best unlocked cellphone i have ever bought. love it,True
77,ORD016841,ID0598348995,2019-11-27,Nickolson,"[('iAssist Line', 2), ('Universe Note', 1), ('pearTV', 2), ('Alcon 10', 1)]",29470,59.68,-37.8125018,144.9632414,5,28056.18,Spring,False,0.8763,"paid for new device, received refurbished one. did not receive a new device! not happy about being deceived!!! buyer beware!",False
78,ORD347594,ID0332796790,04-01-2019,Bakers,"[('Lucent 330S', 2), ('pearTV', 2), ('iAssist Line', 1), ('Alcon 10', 2)]",35205,73.58,-37.8085633,145.0001673,10,31758.08,Summer,True,0.4624,not as advertised was not actually unlocked and still registered to someone else. i had to return this and purchase a different phone,False
79,ORD457758,ID0401416145,2019-04-29,Thompson,"[('Universe Note', 1), ('Toshika 750', 2)]",12090,66.73,-37.807841,144.938431,25,9134.23,Autumn,False,0.9308,nice phone clean,True
80,ORD300049,ID0387704653,2019-06-22,Nickolson,"[('Toshika 750', 1), ('iStream', 1)]",4470,63.92,-37.8204423,144.9640738,25,3416.42,Winter,False,0.5237,"best phone onhe market its the best phone on the market. replaceable battery, micro sd, 13megapixel camera that's only beaten by the lumia 41 megapixel camera, infra red, widows pone 8.1 (devpre), amazing screen and its light as a feather. cost me less than ¬£200!",True
81,ORD016018,ID0579501050,2019-10-01,Thompson,"[('pearTV', 2), ('Toshika 750', 1), ('iAssist Line', 1)]",19165,71.34,-37.8142701,144.9493838,25,393761.23,Spring,False,0.2703,"awesome phone as a droid fan, i love this phone. very much worth the money.",True
82,ORD137495,ID5402876165,2019-02-21,Nickolson,"[('pearTV', 2), ('Olivia x460', 2), ('Thunder line', 2)]",19430,74.08,-37.8176138,144.9730313,25,14646.58,Autumn,True,0.325,sad. google maps takes 5 minutes to load. with the fastest chip on board and latest updates for phone i figured would be faster. nope. sad.,False
83,ORD319178,ID4716795173,2019-06-05,Thompson,"[('Universe Note', 2), ('iAssist Line', 1)]",9125,76.98,-37.818841,144.9532845,15,7833.23,Winter,True,0.8776,a good phone so far not sure it‚Äôs been 3 days however it arrived in time with no scratches on it an looked new... it‚Äôs to early to confirm if it is mechanically sound .. so far so good,False
84,ORD076632,ID0588200381,2019-09-04,Nickolson,"[('Candle Inferno', 1), ('Lucent 330S', 2), ('iStream', 2), ('Olivia x460', 1)]",4415,75.22,-37.8121236,144.9739868,0,4490.22,Spring,False,0.8192,"great camera great camera, great phone.",True
85,ORD138302,ID0131247323,2019-10-06,Nickolson,"[('iStream', 2), ('pearTV', 1), ('Alcon 10', 2)]",24510,87.54,-37.8144221,145.0161351,0,24597.54,Spring,True,0.8572,really annoying. phone was not unlocked as described. really annoying.,False
86,ORD208711,ID0130040956,2019-06-13,Thompson,"[('Thunder line', 2), ('Candle Inferno', 1), ('Universe Note', 2), ('Lucent 330S', 2)]",14150,73.11,-37.8029953,144.9281069,10,12808.11,Winter,False,1.9854,great great value for the price,True
87,ORD168543,ID1982456970,2019-01-07,Bakers,"[('pearTV', 2), ('iAssist Line', 2), ('Universe Note', 1)]",20520,58.61,-37.0916265,144.9952241,25,15448.61,Summer,False,0.8283,defective product - phone stops working in a few months phone barely lasted 6 months. at first i had battery issues and now the phone won't start. the seller is clearly selling defective batched of product. i would suggest to stay away.,False
88,ORD151330,ID4419686624,2019-06-23,Thompson,"[('Thunder line', 2), ('Candle Inferno', 2), ('Alcon 10', 1)]",14170,82.27,-37.8017591,144.9632047,10,12835.27,Winter,True,1.8681,do you know a graduate? for a recent high school graduate this was a great present. he can use it to job search and to keep his upcoming college schedule in order.,True
89,ORD300924,ID0277366130,2019-10-06,Bakers,"[('Thunder line', 2), ('iAssist Line', 1), ('Olivia x460', 2)]",9035,108.57,-37.8009524,145.0120941,0,9143.57,Spring,True,1.7925,still a great phone... with this phone i can change my own battery. keep your alcon crap! this oldie is still a goody!,True
90,ORD141734,ID2325395490,2019-06-10,Thompson,"[('iStream', 1), ('Alcon 10', 1), ('Olivia x460', 2), ('Lucent 330S', 2)]",14010,80.66,-37.808393,144.9593275,5,13390.16,Winter,True,1.1787,"great value budget phone great product came with accessories, fast and crisp screen. i love the lucent g6",True
91,ORD202296,ID0591427998,2019-09-14,Nickolson,"[('Olivia x460', 1), ('Toshika 750', 1)]",5545,74.21,-37.818926,144.9624821,0,5619.21,Spring,False,0.6227,olivia go phone. bought it for someone.very happy with it.,True
92,ORD235478,ID4996764096,2019-02-14,Thompson,"[('Toshika 750', 2), ('pearTV', 2), ('Thunder line', 1)]",23440,55.54,-37.8113504,144.9534781,0,23495.54,Summer,False,0.5826,"quality the back of the phone was broken with the backplate not even fitting on properly. the phone itself had gunk in all of the nooks and crannies, disgusting, would like a refund/replacement to change my rating",False
93,ORD051670,ID3094966837,2019-05-01,Thompson,"[('Thunder line', 2), ('pearTV', 2), ('Olivia x460', 1), ('Toshika 750', 2)]",26845,68.49,-37.8004553,144.9485174,5,25571.24,Autumn,False,1.366,this candle reader with cover attached is light weight and easy reading. page turner is easy to use and it reverses so you can hold with either hand. i am very happy and satisfied with this product. happy reading -,False
94,ORD456259,ID1277988762,2019-05-01,Bakers,"[('iAssist Line', 1), ('Alcon 10', 2), ('pearTV', 2)]",32745,67.8,-37.8126057,145.0110143,15,27901.05,winter,False,1.418,beautiful smartphone. fully satisfies my expectations beautiful smartphone. fully satisfies my expectations. the screen suitably wide to see the images clearly. the possibility of using the smartphone as a projector thanks to its compatibility with lucent mods is exciting.,True
95,ORD354413,ID2948774564,2019-12-06,Nickolson,"[('Universe Note', 2), ('Thunder line', 2), ('iStream', 2), ('Lucent 330S', 1)]",12790,75.04,-37.8103989,144.9726914,15,10946.54,Summer,False,0.9532,five stars good phone love it,True
96,ORD182183,ID0233270890,2019-08-27,Bakers,"[('iStream', 1), ('Universe Note', 2)]",7050,66.79,-37.7987935,144.9827307,25,5354.29,Winter,True,1.6625,phone turns itself off at random during use. device powers down randomly during regular use.,False
97,ORD397354,ID0247024616,2019-02-28,Nickolson,"[('pearTV', 2), ('Thunder line', 1), ('Candle Inferno', 2)]",15660,87.96,-37.8154546,144.9704567,0,15747.96,Summer,True,0.3585,five stars easy to setup and use,True
98,ORD324141,ID6167441023,2019-07-23,Nickolson,"[('iStream', 1), ('Candle Inferno', 1), ('Olivia x460', 2)]",3030,67.47,-37.8091486,144.9609023,10,2794.47,Winter,False,1.2783,"great value! this phone is awesome! i'm loving it so far. if i have any problems with it down the road, i'll update this review. :)",True
99,ORD226452,ID0634783578,2019-11-11,Thompson,"[('pearTV', 1), ('Toshika 750', 2)]",14950,101.06,-37.8122336,144.9365521,15,12808.56,Spring,True,0.9262,awsome i love this brand soon time to update my smartphone,False
100,ORD043067,ID2193369804,2019-10-26,Nickolson,"[('Candle Inferno', 1), ('pearTV', 2), ('iAssist Line', 2), ('Universe Note', 2)]",24400,72.67,-37.8154669,145.0135513,15,20812.67,Spring,False,0.4457,great fast,True
101,ORD228614,ID0298045612,2019-10-10,Nickolson,"[('Alcon 10', 2), ('Lucent 330S', 1), ('iAssist Line', 2), ('Thunder line', 1)]",25760,99.42,-37.8228607,144.9665714,0,25859.42,Spring,True,0.5423,good great product,True
102,ORD066333,ID0349920091,2019-06-11,Bakers,"[('iAssist Line', 2), ('pearTV', 2), ('Olivia x460', 1)]",18295,79.5,-37.8185923,145.0052383,10,16545.0,Summer,True,1.3,best best best best phone in market... runs very fast and too good..,True
103,ORD452012,ID6221450539,2019-09-06,Bakers,"[('Candle Inferno', 1), ('Lucent 330S', 2), ('Alcon 10', 1), ('iAssist Line', 1)]",14065,77.64,-37.808839,144.9834904,25,10626.39,Spring,False,1.0406,great phone! great refurbished phone....looks brand new and works great!!!,False
104,ORD222362,ID0767585458,2019-03-24,Nickolson,"[('Candle Inferno', 2), ('pearTV', 1)]",7170,66.4,-37.8069927,144.9729476,0,7236.4,Autumn,False,1.3256,"not nearly as fast as my toshika xperia xz premium... but darn close. i got this used and it arrived looking great, except without the original box, which i really don't care about. side by side speed comparison (using video games), it isn't as fast as my toshika xperia xz premium, but darn close.",True
105,ORD058255,ID2700682442,2019-10-12,Nickolson,"[('Thunder line', 1), ('Olivia x460', 2)]",4630,76.93,-37.8233794,144.9766338,0,4706.93,Spring,False,0.8195,flip top phone i bought this for my sister who is enjoying it & uses it without problems.,True
106,ORD315179,ID0664378464,2019-04-20,Nickolson,"[('Candle Inferno', 2), ('Lucent 330S', 1), ('Alcon 10', 1), ('pearTV', 2)]",23660,49.88,-37.8201199,144.9669823,25,17794.88,Autumn,False,0.2826,useless! phone sold without sd card. useless!,False
107,ORD170004,ID2207663849,2019-04-27,Thompson,"[('Thunder line', 2), ('Candle Inferno', 1), ('pearTV', 2), ('Universe Note', 2)]",24310,52.69,-37.8012858,144.9457072,15,20716.19,Autumn,False,1.2733,very poorly built phone very cheap product item was in a rugged otterbox style case when the phone fell on the ground screen would not turn on looked and direct light and saw the screen itself shattered but the touch screen glass was undamaged phone was only dropped once since having it for 5 weeks,False
108,ORD075922,ID0758612178,2019-03-06,Thompson,"[('Candle Inferno', 2), ('iStream', 1), ('Olivia x460', 1), ('Toshika 750', 1)]",6555,64.09,-37.8214382,144.9456191,25,4980.34,Autumn,True,0.984,"did not work with verizon plugged in our sim card and imei unknown. verizon said it won't work. got digico tech support, and they connected me with lucentrola support who ended up hanging up on me. do not buy! i was hoping that it would work but no go.",False
109,ORD189717,ID0844410211,2019-04-13,Thompson,"[('IASSIST LINE', 2), ('lucent 330s', 2)]",6910,78.46,-37.8190391,144.9467214,5,6642.96,Autumn,True,0.7093,used for employees use these phones to hand out to our employees. best ones we've used yet. not expensive and does the job.,True
110,ORD303289,ID6226013492,2019-10-18,Bakers,"[('pearTV', 2), ('Lucent 330S', 2)]",15080,102.58,-37.8173222,145.0040415,0,15182.58,Spring,True,1.1248,great service the phone came sooner than the delivery i was given. very happy with the product.,True
111,ORD016275,ID6282174092,2019-02-26,Nickolson,"[('iAssist Line', 2), ('Candle Inferno', 1), ('Toshika 750', 2)]",13520,73.65,-37.8233588,144.9785671,0,13593.65,spring,False,0.9538,i would definitely recommend edge cellular the phone was exactly what i was looking for. i would definitely recommend edge cellular.,True
112,ORD233901,ID0579492570,2019-06-26,Thompson,"[('Toshika 750', 2), ('iAssist Line', 1), ('Olivia x460', 2)]",13315,64.27,-37.81703,144.9518402,0,13379.27,Winter,False,0.6413,price works very well,True
113,ORD357914,ID2086406859,2019-09-04,Bakers,"[('Olivia x460', 2), ('Toshika 750', 2), ('Universe Note', 1), ('Thunder line', 1)]",16720,76.68,-37.8053812,144.987412,15,14288.68,Spring,False,0.8584,four stars great phone but not working with verizon,True
114,ORD293148,ID1681675856,12-09-2019,Nickolson,"[('Toshika 750', 1), ('Candle Inferno', 2)]",5180,80.53,-37.809841,144.9763289,25,3965.53,Spring,False,1.1423,great build qualitygood screen resolution for the moneycan install android applications -including kodi,True
115,ORD202010,ID2189358918,2019-02-13,Bakers,"[('iAssist Line', 1), ('iStream', 2)]",2525,68.51,-37.8097225,144.9903011,15,2214.76,Summer,False,0.7443,i love the android os and will not in the foreseeable ... this goes with me everywhere. i love the android os and will not in the foreseeable future switch back to ios.,True
116,ORD065661,ID4028046142,2019-09-10,Thompson,"[('Toshika 750', 1), ('Alcon 10', 2), ('iStream', 2)]",22520,81.36,-37.811881,145.0120477,15,19223.36,Spring,False,1.4937,five stars the product matches perfectly to all expectations. arrived on time.,True
117,ORD226730,ID0331417136,2019-01-06,Bakers,"[('Lucent 330S', 1), ('Candle Inferno', 2)]",2090,83.97,-37.822806,145.0093369,5,2069.47,Summer,False,1.8899,this phone crushed the mate se amazing phone! blows the huawei mate se out of the water. says the processor is the same but something changed because this thing competes with flagships and the mate se does not.,True
118,ORD322017,ID0591429491,2019-03-21,Nickolson,"[('Toshika 750', 2), ('Candle Inferno', 1), ('Alcon 10', 1), ('Lucent 330S', 1)]",19250,48.55,-37.8182266,144.9651144,10,17373.55,Autumn,False,68.8892,one star was sent completely non functioning phone. microphone does not work.,False
119,ORD452642,ID4633638470,2019-05-06,Thompson,"[('iAssist Line', 1), ('Toshika 750', 1), ('Olivia x460', 2), ('iStream', 1)]",9145,62.41,-37.8061754,144.9445034,10,8292.91,Autumn,True,0.7577,no me gusta muy peque√±o,True
120,ORD059126,ID4061053456,2019-08-19,Bakers,"[('iStream', 1), ('Lucent 330S', 2)]",3552,72.82,-37.8097839,144.9932567,10,2421.82,Winter,True,0.1753,"five stars good team, works perfectly in venezuela with movilnet, very responsible seller, i would recommend.",True
121,ORD417453,ID5668009793,2019-04-25,Bakers,"[('pearTV', 2), ('Alcon 10', 1), ('Candle Inferno', 2)]",22430,78.69,-37.8061658,144.9995386,15,19144.19,Autumn,True,0.5703,"five stars really pleased so far,seems to be a nice phone.",True
122,ORD426744,ID0233314845,2019-05-05,Nickolson,"[('Lucent 330S', 1), ('Toshika 750', 1), ('Thunder line', 2), ('iAssist Line', 1)]",12135,82.48,-37.8050795,144.9745234,25,9183.73,Autumn,True,1.5668,great phone i have the same phone for a while and i bought this one for my brother. this was his first olivia phone and he just fall in love with it right away.,True
123,ORD365314,ID3970811101,2019-11-24,Thompson,"[('pearTV', 1), ('Candle Inferno', 1), ('Lucent 330S', 2)]",9200,82.37,-37.8126709,144.9426601,10,8362.37,Spring,True,0.3877,bad product didn't work for more than 2 months,False
124,ORD239025,ID1449308562,06/29/2019,Bakers,"[('Thunder line', 1), ('pearTV', 2), ('Lucent 330S', 2)]",17260,64.3,-37.8175356,144.989861,15,14735.3,Winter,False,0.9631,"wife loves it. got this as a gift for my wife to replace her older lg phone. great screen and picture quality. great call quality. no issues with being a ""latin america"" version. set up was easy and data transfer from the old phone worked great.",True
125,ORD381266,ID6202471425,2019-06-16,Nickolson,"[('Alcon 10', 1), ('Toshika 750', 2), ('Thunder line', 2), ('pearTV', 1)]",28260,65.39,-37.8233446,144.9814779,10,25499.39,Winter,True,1.1745,la responsabilidad de entrega... parece que perd√≠ mi dinero.,False
126,ORD337877,ID0576844518,2019-07-25,Bakers,"[('ALCON 10', 1), ('iassist line', 1)]",11175,69.64,-37.8244324,144.988745,5,10685.89,Winter,False,1.7053,i live this item.  i bought several for each room in the house and as a gift for my mom.  i also use mine to travel with.,True
127,ORD275535,ID4520380451,2019-01-09,Nickolson,"[('iStream', 2), ('pearTV', 1), ('Universe Note', 1), ('Thunder line', 2)]",14420,58.19,-37.8216013,144.961298,5,13757.19,Summer,False,0.7992,"very bad received the equipment and never lit, i thought it came fully discharged and discarded with other chargers actually burnt wine team, plus it did not bring handsfree or a user's manual, i am very upset about the teasing after me to trust in you",False
128,ORD059963,ID4787373515,2019-03-01,Thompson,"[('iStream', 2), ('Candle Inferno', 2), ('iAssist Line', 2), ('Universe Note', 2)]",12510,70.02,-37.799787,144.9579614,10,11329.02,Autumn,False,1.7249,like new note 4 i would suggest a phone from this company any day now. what a great phone.,True
129,ORD188735,ID6167413281,2019-02-05,Thompson,"[('Candle Inferno', 1), ('iAssist Line', 1), ('pearTV', 1)]",8965,94.3,-37.8161151,144.9570842,10,8162.8,Summer,True,0.9605,"overall great phone and happy purchase love the design, screen, performance, battery isnt very good ( not for me at least ) if you always have your phone in hand battery dies pretty steadily. camera let me down most of all. had a huawei 8x honor and it's camera blew this one out of the water",True
130,ORD226150,ID0775942446,2019-08-03,Thompson,"[('Olivia x460', 2), ('Alcon 10', 2), ('iAssist Line', 2)]",24800,80.23,-37.8064775,144.9614999,0,24880.23,Winter,True,1.4444,they love this was a gift for an international friend. they love it,True
131,ORD075963,ID0579408070,2019-06-17,Nickolson,"[('Olivia x460', 2), ('Lucent 330S', 2), ('iStream', 2)]",5210,62.58,-37.8219224,144.9685203,25,3970.08,Winter,False,0.3813,i love it. my little girl needed it i love it . my little girl needed it . no more facebook . plus it came on time . thanks,True
132,ORD473288,ID0131247270,2019-07-11,Nickolson,"[('Alcon 10', 2), ('iAssist Line', 2), ('Toshika 750', 2), ('Olivia x460', 2)]",33440,62.73,-37.8129752,144.9619223,25,25142.73,Winter,True,0.9173,doesn't take much for the glass screen to shatter.... glass screen shattered already. just a small drop on the floor and the glass is almost comp!etely shattered. have had lucentrolas before and never been so easily broken.,False
133,ORD439316,ID2451238134,2019-06-11,Thompson,"[('Olivia x460', 1), ('iAssist Line', 1), ('Toshika 750', 1), ('Universe Note', 1)]",11220,78.33,-37.8087165,144.9537162,0,11298.33,Winter,True,0.7319,the battery is reasonably good considering this is a used phone the phone works well. the appearance is as those described in advertisement. the battery is reasonably good considering this is a used phone.,True
134,ORD230243,ID6167489485,2019-10-25,Nickolson,"[('Alcon 10', 2), ('Candle Inferno', 2), ('Olivia x460', 2)]",21210,60.61,-37.8178333,144.9621506,0,21270.61,Spring,False,0.869,broke with a black screen in 12 days i have just received the pixel 3a on june 7 and june 19th the phone broke and the screen is black. i am on a business trip out of town without a phone. how unreliable this phone is. i am wondering if it was even a new phone. it is such a hassle and very disappointed with the quality of merchandise i received.,False
135,ORD369692,ID0589421428,2019-03-31,Nickolson,"[('Lucent 330S', 1), ('Candle Inferno', 1)]",1660,66.4,-37.8095278,144.972628,0,1726.4,Summer,False,1.045,great! great phone. excellent refurb! like brand new condition.,True
136,ORD197167,ID0377544391,09/04/2019,Thompson,"[('Thunder line', 2), ('Alcon 10', 1), ('Lucent 330S', 1), ('Toshika 750', 2)]",23180,64.98,-37.8155841,144.9452766,25,17449.98,Autumn,False,0.3603,super phone within days of receiving this phone in the mail. all of the problems i've been having went away. the great improvement over the phone i had before. i hope this one lasts for a long long time.,True
137,ORD322420,ID0527842694,2019-10-18,Bakers,"[('iAssist Line', 2), ('Universe Note', 2), ('Thunder line', 1)]",13530,79.19,-37.8082783,144.9826774,10,12256.19,Spring,False,1.1206,"unlocked, unlimited hotspot data haha awesome. amazing phone. well worth the money. has lots of features. battery life and camera a-1. makes quite a few alcon owners jelly for the price. using at&t pre paid and i get all kinds of unlimited hotspot data because the phone is unlocked amazing :)",True
138,ORD048045,ID2318333325,2019-04-16,Nickolson,"[('Alcon 10', 1), ('Olivia x460', 1), ('iStream', 1)]",10325,82.78,-37.8076984,145.0194326,15,8859.03,Autumn,True,1.3732,"great gadget that installs, and works easily. nice to not have another box taking up space too!",True
139,ORD234302,ID0746909188,2019-11-03,Bakers,"[('Olivia x460', 1), ('Toshika 750', 2), ('iStream', 1)]",10015,97.76,-37.8203432,145.0144456,0,10112.76,Spring,True,2.0449,volume is a problem we have to take off the protective case for it to sound clear.,False
140,ORD032894,ID1131986163,2019-07-11,Thompson,"[('Universe Note', 2), ('Lucent 330S', 2)]",9360,57.93,-37.8149433,144.9450349,5,8949.93,Winter,True,0.3096,"do not buy worst smart phone i've had the unfortunate experrience to use. stick w lg if you're cheap or get an alcon. don't endorse olivia, they're complete trash",False
141,ORD481651,ID0126934535,2019-01-16,Nickolson,"[('Alcon 10', 2), ('Candle Inferno', 1), ('Toshika 750', 1), ('Lucent 330S', 1)]",23880,90.62,-37.8165753,144.9666375,15,20388.62,Summer,True,0.3409,i love it. it does everything,True
142,ORD074888,ID2185303477,2019-10-12,Thompson,"[('Universe Note', 1), ('Thunder line', 2), ('Candle Inferno', 1)]",8240,83.26,-37.7995098,144.9353777,25,6263.26,Spring,False,1.7901,"great phone with very long battery life great phone with very long battery life. while it will work with at&t, you will not get the fastest data speeds with the xt1775.",True
143,ORD208080,ID2213981052,2019-08-16,Bakers,"[('iAssist Line', 1), ('Universe Note', 2)]",9125,80.9,-37.8041347,144.9833648,25,6924.65,Winter,True,1.2309,"perfect phone i love this phone!i have no complaints. great camera, nice size and i love being able to write and draw on my notes and pictures so easy.",True
144,ORD498207,ID0710021149,2019-05-03,Thompson,"[('iStream', 2), ('Universe Note', 1)]",3750,80.04,-37.8160065,144.938349,10,3455.04,Autumn,True,0.8519,five stars great phone at a great price it is super fast and had a awesome camara,True
145,ORD134511,ID3924911403,2019-08-28,Nickolson,"[('Lucent 330S', 1), ('Universe Note', 2), ('pearTV', 2), ('Thunder line', 2)]",25110,63.97,-37.8133042,145.0198375,25,18896.47,Winter,False,0.6836,the wife loves it i was very apprehensive buying a used phone online with all the ‚Äúhorror‚Äù stories i‚Äôve heard. seemed like a reputable seller and the item arrived as described without issue.,True
146,ORD359121,ID0746912589,2019-08-21,Nickolson,"[('iAssist Line', 1), ('Candle Inferno', 1), ('pearTV', 2), ('Universe Note', 2)]",22175,66.13,-37.8242254,144.9840358,5,21132.38,Winter,True,1.4195,gary w. description didn't mention it used a micro-sim card.,False
147,ORD431050,ID0349920103,2019-10-05,Bakers,"[('ALCON 10', 1), ('thunder line', 1)]",11130,106.46,-37.8180481,145.0038283,15,9566.96,Spring,True,1.1726,great product i changed from alcon x to this amazing phone. for the price and what it has is just amazing. pitty it doesn‚Äôt bring earphones,True
148,ORD283406,ID1445498772,2019-03-04,Bakers,"[('Candle Inferno', 2), ('Lucent 330S', 1), ('iAssist Line', 1), ('Toshika 750', 1)]",8635,65.36,-37.8165205,144.9859039,25,6541.61,Autumn,False,1.0956,excellent value all in all excellent value. i appreciate the sd micro for additional storage provided.,True
149,ORD256605,ID0030385486,2019-09-15,Bakers,"[('PEARTV', 2), ('LUCENT 330S', 1), ('OLIVIA X460', 2)]",16300,100.36,-37.8168076,144.9994885,5,15585.36,Spring,True,0.8456,perfect great phone,True
150,ORD449901,ID6097185558,2019-06-01,Bakers,"[('pearTV', 2), ('Thunder line', 1), ('Lucent 330S', 2), ('Olivia x460', 2)]",19710,51.84,-37.8027598,145.0039589,0,19761.84,Winter,False,1.1126,"one star wouldn't charge, comparability issues.",False
151,ORD173202,ID0634784123,2019-09-02,Thompson,"[('pearTV', 1), ('iStream', 1), ('Thunder line', 1), ('Lucent 330S', 1)]",9870,75.92,-37.8143832,145.0146498,0,9945.92,Spring,False,0.8212,works great! can't say i can complain. its a note 8 for near $200 cheaper than you can get anywhere else. i half expected it to be a knock off but it isn't. the one i received's pacadge had been opened but nothing was missing and phone works well. not sure why it was opened.,True
152,ORD480424,ID6167440966,2019-04-07,Nickolson,"[('Lucent 330S', 1), ('Thunder line', 2)]",5590,77.5,-37.8152578,144.9634694,25,4270.0,Autumn,True,0.6512,"good quality phone. well built, good power, no glitches. i've had many android phones like olivia, lg, and huawei. this is my 3rd lucentrola, and they consistently have had good build quality.",True
153,ORD047163,ID3144992704,2019-01-07,Bakers,"[('iStream', 1), ('Toshika 750', 2)]",8790,72.01,-37.8150707,144.9889123,15,7543.51,Summer,False,0.7925,love it!,True
154,ORD022239,ID2279153657,2019-09-29,Nickolson,"[('Toshika 750', 2), ('Universe Note', 1), ('iStream', 1), ('Alcon 10', 2)]",30140,100.55,-37.8126386,144.9735827,15,25719.55,Spring,True,0.7519,nice nice,True
155,ORD265921,ID0781082267,2019-05-04,Bakers,"[('pearTV', 2), ('Olivia x460', 1)]",13845,55.62,-37.8228581,145.0141013,5,13208.37,Autumn,False,2.1916,cancelaci√≥n del pedido me cancelo el pedido a √∫ltimo momento. luego que se realizo el d√©bito. quien va reembolsar ese dinero.,False
156,ORD127141,ID0777789266,2019-02-03,Thompson,"[('Lucent 330S', 2), ('pearTV', 1), ('iAssist Line', 2), ('Alcon 10', 2)]",69685,92.7,-37.8068271,144.9548986,0,31212.7,Summer,True,0.9475,remarkable phone with an unbeatable price. remarkable phone that can't be beat at this price point. ive had it for a couple days now and it's flawless.,True
157,ORD067226,ID0580161464,2019-10-10,Thompson,"[('Toshika 750', 1), ('Lucent 330S', 2), ('Thunder line', 2), ('Candle Inferno', 1)]",11570,91.79,-37.7891185,144.9380617,0,11661.79,Spring,False,2.7391,"whatta deal good as new, works with verizon.",True
158,ORD064801,ID0709707024,2019-10-01,Thompson,"[('Candle Inferno', 1), ('Toshika 750', 2), ('Thunder line', 2)]",13430,85.63,-37.8127283,145.0170324,0,13515.63,Spring,True,0.4,"phone would not turn on out of box and after full 8hr charge, waste time-dead phone the phone was dead. charged for 8 hrs and the phone was still dead. pressed button according to olivia manual. was a waste of my time. need to know what certified means. obviously the phone was not not tested prior to being sent. horrible quality control.",False
159,ORD294462,ID0571731867,2019-03-19,Thompson,"[('iStream', 1), ('iAssist Line', 1), ('Universe Note', 1)]",5825,82.33,-37.8239148,144.9475744,25,4451.08,Autumn,True,1.2522,five stars great used phones.,True
160,ORD345202,ID0702451456,2019-01-26,Thompson,"[('Alcon 10', 2), ('Toshika 750', 2), ('Olivia x460', 1)]",27765,73.85,-37.8047366,144.9460673,10,25062.35,Summer,False,0.8879,amazing phone. everything i wanted is included as a feature on this phone. and since its android a lot of extra things i didn't know i can do to.,True
